date,isbn,retailer,title,price,url
260908,9780062964083,Cheap Graphic Novels,,,
260908,9780394747231,Cheap Graphic Novels,MAUS A SURVIVOR'S TALE VOL 01 TP,11.87,https://cheapgraphicnovels.com/maus-a-survivor-s-tale-vol-01-tp
260908,9780785108559,Cheap Graphic Novels,,,
260908,9780785120124,Cheap Graphic Novels,HULK PLANET HULK TP,20.99,https://cheapgraphicnovels.com/hulk-planet-hulk-tp
260908,9780785120469,Cheap Graphic Novels,,,
260908,9780785121794,Cheap Graphic Novels,CIVIL WAR TP,14.99,https://cheapgraphicnovels.com/civil-war-tp
260908,9780785134503,Cheap Graphic Novels,SPIDER-MAN KRAVEN'S LAST HUNT TP,10.49,https://cheapgraphicnovels.com/spider-man-kraven-s-last-hunt-tp
260908,9780785134794,Cheap Graphic Novels,DAREDEVIL THE MAN WITHOUT FEAR TP,12.99,https://cheapgraphicnovels.com/daredevil-the-man-without-fear-tp
260908,9780785137245,Cheap Graphic Novels,,,
260908,9780785142867,Cheap Graphic Novels,MARVELS TP,14.99,https://cheapgraphicnovels.com/marvels-tp
260908,9780785154624,Cheap Graphic Novels,MIRACLEMAN BOOK 01 A DREAM OF FLYING PREMIERE HC DAVIS CVR,11.99,https://cheapgraphicnovels.com/miracleman-book-01-a-dream-of-flying-premiere-hc-davis-cvr
260908,9780785157267,Cheap Graphic Novels,X-MEN GOD LOVES MAN KILLS TP,10.49,https://cheapgraphicnovels.com/x-men-god-loves-man-kills-tp
260908,9780785167273,Cheap Graphic Novels,SPIDER-MAN DEATH OF THE STACYS TP,11.99,https://cheapgraphicnovels.com/spider-man-death-of-the-stacys-tp
260908,9780785168508,Cheap Graphic Novels,AVENGERS VS THANOS TP,20.99,https://cheapgraphicnovels.com/avengers-vs-thanos-tp
260908,9780785170723,Cheap Graphic Novels,,,
260908,9780785170938,Cheap Graphic Novels,,,
260908,9780785178460,Cheap Graphic Novels,,,
260908,9780785181934,Cheap Graphic Novels,,,
260908,9780785182092,Cheap Graphic Novels,,,
260908,9780785184546,Cheap Graphic Novels,DOCTOR STRANGE AND DOCTOR DOOM TRIUMPH AND TORMENT TP,10.19,https://cheapgraphicnovels.com/doctor-strange-and-doctor-doom-triumph-and-torment-tp
260908,9780785190219,Cheap Graphic Novels,MS MARVEL (2014) VOL 01 NO NORMAL TP,11.19,https://cheapgraphicnovels.com/ms-marvel-2014-vol-01-no-normal-tp
260908,9780785193647,Cheap Graphic Novels,,,
260908,9780785194736,Cheap Graphic Novels,ULTIMATE INVASION TP,14.99,https://cheapgraphicnovels.com/ultimate-invasion-tp
260908,9780785198956,Cheap Graphic Novels,SECRET WARS (2015) TP,20.99,https://cheapgraphicnovels.com/secret-wars-2015-tp
260908,9780785199618,Cheap Graphic Novels,SPIDER-MAN MILES MORALES VOL 01 TP,9.59,https://cheapgraphicnovels.com/spider-man-miles-morales-vol-01-tp
260908,9781302377045,Cheap Graphic Novels,,,
260908,9781302402228,Cheap Graphic Novels,,,
260908,9781302480998,Cheap Graphic Novels,,,
260908,9781302488673,Cheap Graphic Novels,,,
260908,9781302494926,Cheap Graphic Novels,,,
260908,9781302513603,Cheap Graphic Novels,,,
260908,9781302515072,Cheap Graphic Novels,,,
260908,9781302515492,Cheap Graphic Novels,,,
260908,9781302517946,Cheap Graphic Novels,,,
260908,9781302517960,Cheap Graphic Novels,,,
260908,9781302900533,Cheap Graphic Novels,BLACK PANTHER (2016) BOOK 01 A NATION UNDER OUR FEET PART 01 TP,11.89,https://cheapgraphicnovels.com/black-panther-2016-book-01-a-nation-under-our-feet-part-01-tp
260908,9781302901905,Cheap Graphic Novels,BLACK PANTHER EPIC COLLECTION VOL 01 PANTHER'S RAGE TP,20.99,https://cheapgraphicnovels.com/black-panther-epic-collection-vol-01-panther-s-rage-tp
260908,9781302901967,Cheap Graphic Novels,,,
260908,9781302907693,Cheap Graphic Novels,,,
260908,9781302911386,Cheap Graphic Novels,,,
260908,9781302912123,Cheap Graphic Novels,X-MEN DARK PHOENIX SAGA OMNIBUS HC,59.99,https://cheapgraphicnovels.com/x-men-dark-phoenix-saga-omnibus-hc
260908,9781302912550,Cheap Graphic Novels,HULK THE IMMORTAL HULK VOL 01 OR IS HE BOTH TP,11.19,https://cheapgraphicnovels.com/hulk-the-immortal-hulk-vol-01-or-is-he-both-tp
260908,9781302913274,Cheap Graphic Novels,,,
260908,9781302913281,Cheap Graphic Novels,,,
260908,9781302914981,Cheap Graphic Novels,DAREDEVIL (2019) BY CHIP ZDARSKY VOL 01 KNOW FEAR TP,11.19,https://cheapgraphicnovels.com/daredevil-2019-by-chip-zdarsky-vol-01-know-fear-tp
260908,9781302914998,Cheap Graphic Novels,DAREDEVIL (2019) BY CHIP ZDARSKY VOL 02 NO DEVILS ONLY GOD TP,11.19,https://cheapgraphicnovels.com/daredevil-2019-by-chip-zdarsky-vol-02-no-devils-only-god-tp
260908,9781302915469,Cheap Graphic Novels,,,
260908,9781302915704,Cheap Graphic Novels,,,
260908,9781302917333,Cheap Graphic Novels,SPIDER-MAN LIFE STORY TP,14.99,https://cheapgraphicnovels.com/spider-man-life-story-tp
260908,9781302923730,Cheap Graphic Novels,SPIDER-MAN BY TODD MCFARLANE COMPLETE COLLECTION TP,23.99,https://cheapgraphicnovels.com/spider-man-by-todd-mcfarlane-complete-collection-tp
260908,9781302931872,Cheap Graphic Novels,ULTIMATE SPIDER-MAN OMNIBUS VOL 01 HC QUESADA FIRST ISSUE CVR NEW PTG,74.99,https://cheapgraphicnovels.com/ultimate-spider-man-omnibus-vol-01-hc-quesada-first-issue-cvr-new-ptg
260908,9781302933630,Cheap Graphic Novels,MOON KNIGHT BY LEMIRE AND SMALLWOOD THE COMPLETE COLLECTION TP,24.49,https://cheapgraphicnovels.com/moon-knight-by-lemire-and-smallwood-the-complete-collection-tp
260908,9781302944285,Cheap Graphic Novels,,,
260908,9781302945633,Cheap Graphic Novels,SPIDER-MAN THE AMAZING SPIDER-MAN OMNIBUS VOL 01 HC ROSS CVR NEW PTG,74.99,https://cheapgraphicnovels.com/spider-man-the-amazing-spider-man-omnibus-vol-01-hc-ross-cvr-new-ptg
260908,9781302945947,Cheap Graphic Novels,DAREDEVIL EPIC COLLECTION VOL 12 IT COMES WITH THE CLAWS TP,26.99,https://cheapgraphicnovels.com/daredevil-epic-collection-vol-12-it-comes-with-the-claws-tp
260908,9781302947729,Cheap Graphic Novels,DAREDEVIL (2023) BY SALADIN AHMED VOL 01 HELL BREAKS LOOSE TP,12.99,https://cheapgraphicnovels.com/daredevil-2023-by-saladin-ahmed-vol-01-hell-breaks-loose-tp
260908,9781302950330,Cheap Graphic Novels,SPIDER-MAN THE AMAZING SPIDER-MAN EPIC COLLECTION VOL 17 KRAVEN'S LAST HUNT TP NEW PTG,26.99,https://cheapgraphicnovels.com/spider-man-the-amazing-spider-man-epic-collection-vol-17-kraven-s-last-hunt-tp-new-ptg
260908,9781302950507,Cheap Graphic Novels,X-MEN EPIC COLLECTION VOL 07 THE FATE OF THE PHOENIX TP NEW PTG (PRE-ORDER RESTOCK),26.99,https://cheapgraphicnovels.com/x-men-epic-collection-vol-07-the-fate-of-the-phoenix-tp-new-ptg-pre-order-restock-
260908,9781302952747,Cheap Graphic Novels,CIVIL WAR II TP NEW PTG,20.99,https://cheapgraphicnovels.com/civil-war-ii-tp-new-ptg
260908,9781302954161,Cheap Graphic Novels,HULK THE INCREDIBLE HULK (2023) VOL 01 AGE OF MONSTERS TP,12.99,https://cheapgraphicnovels.com/hulk-the-incredible-hulk-2023-vol-01-age-of-monsters-tp
260908,9781302955236,Cheap Graphic Novels,AVENGERS EPIC COLLECTION VOL 11 THE EVIL REBORN TP,29.99,https://cheapgraphicnovels.com/avengers-epic-collection-vol-11-the-evil-reborn-tp
260908,9781302955595,Cheap Graphic Novels,X-MEN EPIC COLLECTION VOL 10 GOD LOVES MAN KILLS TP,26.99,https://cheapgraphicnovels.com/x-men-epic-collection-vol-10-god-loves-man-kills-tp
260908,9781302956219,Cheap Graphic Novels,DAREDEVIL (2019) BY CHIP ZDARSKY OMNIBUS VOL 01 HC TEDESCO CVR,59.99,https://cheapgraphicnovels.com/daredevil-2019-by-chip-zdarsky-omnibus-vol-01-hc-tedesco-cvr
260908,9781302957292,Cheap Graphic Novels,ULTIMATE SPIDER-MAN (2024) BY JONATHAN HICKMAN VOL 01 MARRIED WITH CHILDREN TP,12.99,https://cheapgraphicnovels.com/ultimate-spider-man-2024-by-jonathan-hickman-vol-01-married-with-children-tp
260908,9781302957308,Cheap Graphic Novels,ULTIMATE BLACK PANTHER BY BRYAN HILL VOL 01 PEACE AND WAR TP,12.99,https://cheapgraphicnovels.com/ultimate-black-panther-by-bryan-hill-vol-01-peace-and-war-tp
260908,9781302957513,Cheap Graphic Novels,ULTIMATES (2024) BY DENIZ CAMP VOL 01 FIX THE WORLD TP,14.99,https://cheapgraphicnovels.com/ultimates-2024-by-deniz-camp-vol-01-fix-the-world-tp
260908,9781302957810,Cheap Graphic Novels,SPIDER-MAN THE AMAZING SPIDER-MAN EPIC COLLECTION VOL 05 THE SECRET OF THE PETRIFIED TABLET TP NEW PTG,26.99,https://cheapgraphicnovels.com/spider-man-the-amazing-spider-man-epic-collection-vol-05-the-secret-of-the-petrified-tablet-tp-new-ptg
260908,9781302957834,Cheap Graphic Novels,X-MEN EPIC COLLECTION VOL 01 CHILDREN OF THE ATOM TP NEW PTG,29.99,https://cheapgraphicnovels.com/x-men-epic-collection-vol-01-children-of-the-atom-tp-new-ptg
260908,9781302957902,Cheap Graphic Novels,SPIDER-MAN THE AMAZING SPIDER-MAN EPIC COLLECTION VOL 19 ASSASSIN NATION TP NEW PTG,34.99,https://cheapgraphicnovels.com/spider-man-the-amazing-spider-man-epic-collection-vol-19-assassin-nation-tp-new-ptg
260908,9781302957964,Cheap Graphic Novels,X-MEN NEW X-MEN MODERN ERA EPIC COLLECTION VOL 01 E IS FOR EXTINCTION TP,26.99,https://cheapgraphicnovels.com/x-men-new-x-men-modern-era-epic-collection-vol-01-e-is-for-extinction-tp
260908,9781302958190,Cheap Graphic Novels,ULTIMATES (2024) BY DENIZ CAMP VOL 03 RESCUE MISSION TP,12.99,https://cheapgraphicnovels.com/ultimates-2024-by-deniz-camp-vol-03-rescue-mission-tp
260908,9781302958206,Cheap Graphic Novels,ULTIMATES (2024) BY DENIZ CAMP VOL 04 UPRISING TP,12.99,https://cheapgraphicnovels.com/ultimates-2024-by-deniz-camp-vol-04-uprising-tp
260908,9781302958237,Cheap Graphic Novels,ULTIMATE BLACK PANTHER BY BRYAN HILL VOL 02 GODS AND KINGS TP,12.59,https://cheapgraphicnovels.com/ultimate-black-panther-by-bryan-hill-vol-02-gods-and-kings-tp
260908,9781302958251,Cheap Graphic Novels,ULTIMATE BLACK PANTHER BY BRYAN HILL VOL 04 DESTINY AND DESTRUCTION TP,12.99,https://cheapgraphicnovels.com/ultimate-black-panther-by-bryan-hill-vol-04-destiny-and-destruction-tp
260908,9781302958282,Cheap Graphic Novels,ULTIMATE SPIDER-MAN (2024) BY JONATHAN HICKMAN VOL 02 THE PAPER TP,12.99,https://cheapgraphicnovels.com/ultimate-spider-man-2024-by-jonathan-hickman-vol-02-the-paper-tp
260908,9781302958299,Cheap Graphic Novels,ULTIMATE SPIDER-MAN (2024) BY JONATHAN HICKMAN VOL 03 FAMILY BUSINESS TP,12.99,https://cheapgraphicnovels.com/ultimate-spider-man-2024-by-jonathan-hickman-vol-03-family-business-tp
260908,9781302958305,Cheap Graphic Novels,ULTIMATE SPIDER-MAN (2024) BY JONATHAN HICKMAN VOL 04 ONE LAST DAY TP,12.99,https://cheapgraphicnovels.com/ultimate-spider-man-2024-by-jonathan-hickman-vol-04-one-last-day-tp
260908,9781302958336,Cheap Graphic Novels,ULTIMATE X-MEN (2024) BY PEACH MOMOKO VOL 02 CHILDREN OF THE ATOM TP,12.99,https://cheapgraphicnovels.com/ultimate-x-men-2024-by-peach-momoko-vol-02-children-of-the-atom-tp
260908,9781302958343,Cheap Graphic Novels,ULTIMATE X-MEN (2024) BY PEACH MOMOKO VOL 03 THE REALM OF THE MIND TP,12.99,https://cheapgraphicnovels.com/ultimate-x-men-2024-by-peach-momoko-vol-03-the-realm-of-the-mind-tp
260908,9781302958350,Cheap Graphic Novels,ULTIMATE X-MEN (2024) BY PEACH MOMOKO VOL 04 CHILDREN'S WHEREABOUTS TP,12.99,https://cheapgraphicnovels.com/ultimate-x-men-2024-by-peach-momoko-vol-04-children-s-whereabouts-tp
260908,9781302960490,Cheap Graphic Novels,SPIDER-MAN THE AMAZING SPIDER-MAN EPIC COLLECTION VOL 12 SPIDER-MAN THREAT OR MENACE? TP,32.99,https://cheapgraphicnovels.com/spider-man-the-amazing-spider-man-epic-collection-vol-12-spider-man-threat-or-menace-tp
260908,9781302960513,Cheap Graphic Novels,BLADE EPIC COLLECTION VOL 01 HIS NAME IS...BLADE TP (PRE-ORDER),32.99,https://cheapgraphicnovels.com/blade-epic-collection-vol-01-his-name-is-blade-tp-pre-order-
260908,9781302960889,Cheap Graphic Novels,X-MEN (2024) BY JED MACKAY VOL 04 AGE OF REVELATION AFTERMATH TP,11.19,https://cheapgraphicnovels.com/x-men-2024-by-jed-mackay-vol-04-age-of-revelation-aftermath-tp
260908,9781302962005,Cheap Graphic Novels,SPIDER-MAN BLUE BY JEPH LOEB AND TIM SALE TP,12.99,https://cheapgraphicnovels.com/spider-man-blue-by-jeph-loeb-and-tim-sale-tp
260908,9781302962012,Cheap Graphic Novels,DAREDEVIL YELLOW BY JEPH LOEB AND TIM SALE TP,12.99,https://cheapgraphicnovels.com/daredevil-yellow-by-jeph-loeb-and-tim-sale-tp
260908,9781302962029,Cheap Graphic Novels,HULK GRAY BY JEPH LOEB AND TIM SALE TP,12.99,https://cheapgraphicnovels.com/hulk-gray-by-jeph-loeb-and-tim-sale-tp
260908,9781302962036,Cheap Graphic Novels,CAPTAIN AMERICA WHITE BY JEPH LOEB AND TIM SALE TP,12.99,https://cheapgraphicnovels.com/captain-america-white-by-jeph-loeb-and-tim-sale-tp
260908,9781302962050,Cheap Graphic Novels,ULTIMATE WOLVERINE VOL 01 THE WINTER SOLDIER TP,12.99,https://cheapgraphicnovels.com/ultimate-wolverine-vol-01-the-winter-soldier-tp
260908,9781302962067,Cheap Graphic Novels,ULTIMATE WOLVERINE VOL 02 LOGAN TP,12.99,https://cheapgraphicnovels.com/ultimate-wolverine-vol-02-logan-tp
260908,9781302963002,Cheap Graphic Novels,ULTIMATE SPIDER-MAN EPIC COLLECTION VOL 01 LEARNING CURVE TP,23.99,https://cheapgraphicnovels.com/ultimate-spider-man-epic-collection-vol-01-learning-curve-tp
260908,9781302964023,Cheap Graphic Novels,AVENGERS NEW AVENGERS (2025) VOL 02 THE OTHER WOMAN TP,11.19,https://cheapgraphicnovels.com/avengers-new-avengers-2025-vol-02-the-other-woman-tp
260908,9781302964726,Cheap Graphic Novels,SPIDER-MAN THE AMAZING SPIDER-MAN TORN TP,12.59,https://cheapgraphicnovels.com/spider-man-the-amazing-spider-man-torn-tp
260908,9781302964818,Cheap Graphic Novels,ULTIMATE INCURSION TP,12.59,https://cheapgraphicnovels.com/ultimate-incursion-tp
260908,9781302964863,Cheap Graphic Novels,CAPTAIN AMERICA THE WINTER SOLDIER TP MARVEL PREMIER COLLECTION,10.49,https://cheapgraphicnovels.com/captain-america-the-winter-soldier-tp-marvel-premier-collection
260908,9781302964870,Cheap Graphic Novels,FANTASTIC FOUR SOLVE EVERYTHING TP MARVEL PREMIER COLLECTION,10.49,https://cheapgraphicnovels.com/fantastic-four-solve-everything-tp-marvel-premier-collection
260908,9781302965402,Cheap Graphic Novels,SPIDER-MAN THE AMAZING SPIDER-MAN MODERN ERA EPIC COLLECTION VOL 02 THE LIFE AND DEATH OF SPIDERS TP (PRE-ORDER RESTOCK),29.99,https://cheapgraphicnovels.com/spider-man-the-amazing-spider-man-modern-era-epic-collection-vol-02-the-life-and-death-of-spiders-tp-pre-order-restock-
260908,9781302965549,Cheap Graphic Novels,CIVIL WAR TP MARVEL PREMIER COLLECTION,10.49,https://cheapgraphicnovels.com/civil-war-tp-marvel-premier-collection
260908,9781302965556,Cheap Graphic Novels,HAWKEYE MY LIFE AS A WEAPON TP MARVEL PREMIERE COLLECTION,10.49,https://cheapgraphicnovels.com/hawkeye-my-life-as-a-weapon-tp-marvel-premiere-collection
260908,9781302965563,Cheap Graphic Novels,SPIDER-MEN WORLDS COLLIDE TP MARVEL PREMIER COLLECTION,10.49,https://cheapgraphicnovels.com/spider-men-worlds-collide-tp-marvel-premier-collection
260908,9781302965570,Cheap Graphic Novels,VISIONS TP MARVEL PREMIER COLLECTION,10.49,https://cheapgraphicnovels.com/visions-tp-marvel-premier-collection
260908,9781302965587,Cheap Graphic Novels,WOLVERINE OLD MAN LOGAN TP MARVEL PREMIER COLLECTION,10.49,https://cheapgraphicnovels.com/wolverine-old-man-logan-tp-marvel-premier-collection
260908,9781302965983,Cheap Graphic Novels,DAREDEVIL BORN AGAIN TP MARVEL PREMIER COLLECTION,10.49,https://cheapgraphicnovels.com/daredevil-born-again-tp-marvel-premier-collection
260908,9781302966638,Cheap Graphic Novels,SPIDER-MAN THE AMAZING SPIDER-MAN (2022) BY ZEB WELLS OMNIBUS VOL 02 HC ROMITA JR CVR,74.99,https://cheapgraphicnovels.com/spider-man-the-amazing-spider-man-2022-by-zeb-wells-omnibus-vol-02-hc-romita-jr-cvr
260908,9781302966690,Cheap Graphic Novels,AVENGERS TIME RUNS OUT TP MARVEL PREMIER COLLECTION,10.49,https://cheapgraphicnovels.com/avengers-time-runs-out-tp-marvel-premier-collection
260908,9781302966737,Cheap Graphic Novels,X-MEN THE MESSIAH TRILOGY OMNIBUS HC FINCH CVR,74.99,https://cheapgraphicnovels.com/x-men-the-messiah-trilogy-omnibus-hc-finch-cvr
260908,9781302967086,Cheap Graphic Novels,SPIDER-MAN THE AMAZING SPIDER-MAN MODERN ERA EPIC COLLECTION VOL 03 SINS PAST TP,29.99,https://cheapgraphicnovels.com/spider-man-the-amazing-spider-man-modern-era-epic-collection-vol-03-sins-past-tp
260908,9781302967109,Cheap Graphic Novels,X-MEN NEW X-MEN MODERN ERA EPIC COLLECTION VOL 03 PLANET X TP,25.79,https://cheapgraphicnovels.com/x-men-new-x-men-modern-era-epic-collection-vol-03-planet-x-tp
260908,9781302967123,Cheap Graphic Novels,SPIDER-MAN THE AMAZING SPIDER-MAN MODERN ERA EPIC COLLECTION VOL 15 SPIDER-ISLAND TP (PRE-ORDER),29.99,https://cheapgraphicnovels.com/spider-man-the-amazing-spider-man-modern-era-epic-collection-vol-15-spider-island-tp-pre-order-
260908,9781302967147,Cheap Graphic Novels,DEADPOOL MODERN ERA EPIC COLLECTION VOL 02 X X BABY TP,29.99,https://cheapgraphicnovels.com/deadpool-modern-era-epic-collection-vol-02-x-x-baby-tp
260908,9781302967307,Cheap Graphic Novels,ULTIMATE ENDGAME TP,12.59,https://cheapgraphicnovels.com/ultimate-endgame-tp
260908,9781302967826,Cheap Graphic Novels,PUNISHER AND FURY MAX BY GARTH ENNIS OMNIBUS HC JOHNSON CVR,59.99,https://cheapgraphicnovels.com/punisher-and-fury-max-by-garth-ennis-omnibus-hc-johnson-cvr
260908,9781302967857,Cheap Graphic Novels,SPIDER-MAN THE AMAZING SPIDER-MAN EPIC COLLECTION VOL 03 SPIDER-MAN NO MORE TP NEW PTG,29.99,https://cheapgraphicnovels.com/spider-man-the-amazing-spider-man-epic-collection-vol-03-spider-man-no-more-tp-new-ptg
260908,9781302967888,Cheap Graphic Novels,X-MEN EPIC COLLECTION VOL 21 THE X-CUTIONER'S SONG TP NEW PTG (PRE-ORDER),32.99,https://cheapgraphicnovels.com/x-men-epic-collection-vol-21-the-x-cutioner-s-song-tp-new-ptg-pre-order-
260908,9781302967949,Cheap Graphic Novels,ULTIMATE SPIDER-MAN EPIC COLLECTION VOL 02 HUNTED TP,25.79,https://cheapgraphicnovels.com/ultimate-spider-man-epic-collection-vol-02-hunted-tp
260908,9781302968120,Cheap Graphic Novels,ULTIMATE WOLVERINE VOL 03 THE MAKER'S MARK TP,11.19,https://cheapgraphicnovels.com/ultimate-wolverine-vol-03-the-maker-s-mark-tp
260908,9781302968168,Cheap Graphic Novels,IRON MAN INFAMOUS IRON MAN THE RISE OF DOOM TP,12.99,https://cheapgraphicnovels.com/iron-man-infamous-iron-man-the-rise-of-doom-tp
260908,9781302968342,Cheap Graphic Novels,DAREDEVIL (2015) BY CHARLES SOULE BOOK 01 BACK IN BLACK TP,14.99,https://cheapgraphicnovels.com/daredevil-2015-by-charles-soule-book-01-back-in-black-tp
260908,9781302968359,Cheap Graphic Novels,DAREDEVIL (2015) BY CHARLES SOULE BOOK 02 THE DARK ART TP,14.99,https://cheapgraphicnovels.com/daredevil-2015-by-charles-soule-book-02-the-dark-art-tp
260908,9781302968458,Cheap Graphic Novels,DOCTOR DOOM EPIC COLLECTION VOL 02 REVOLUTION IN LATVERIA TP,32.99,https://cheapgraphicnovels.com/doctor-doom-epic-collection-vol-02-revolution-in-latveria-tp
260908,9781302968571,Cheap Graphic Novels,SPIDER-MAN WEB OF SPIDER-MAN OMNIBUS VOL 02 HC BUDIANSKY CVR,150.0,https://cheapgraphicnovels.com/spider-man-web-of-spider-man-omnibus-vol-02-hc-budiansky-cvr
260908,9781302968632,Cheap Graphic Novels,WOLVERINE OMNIBUS VOL 07 NOT DEAD YET HC YU CVR,89.99,https://cheapgraphicnovels.com/wolverine-omnibus-vol-07-not-dead-yet-hc-yu-cvr
260908,9781302968663,Cheap Graphic Novels,SPIDER-MAN BRAND NEW DAY TP,7.99,https://cheapgraphicnovels.com/spider-man-brand-new-day-tp
260908,9781302968830,Cheap Graphic Novels,DAREDEVIL BY ANN NOCENTI AND JOHN ROMITA JR OMNIBUS VOL 02 HC ROMITA JR CVR,74.99,https://cheapgraphicnovels.com/daredevil-by-ann-nocenti-and-john-romita-jr-omnibus-vol-02-hc-romita-jr-cvr
260908,9781302968922,Cheap Graphic Novels,HULK SMASH EVERYTHING TP,12.59,https://cheapgraphicnovels.com/hulk-smash-everything-tp
260908,9781302968939,Cheap Graphic Novels,SPIDER-MAN THE SUPERIOR FOES OF SPIDER-MAN COMPLETE TP,14.99,https://cheapgraphicnovels.com/spider-man-the-superior-foes-of-spider-man-complete-tp
260908,9781302969097,Cheap Graphic Novels,HULK PLANET HULK TP MARVEL PREMIER COLLECTION,10.49,https://cheapgraphicnovels.com/hulk-planet-hulk-tp-marvel-premier-collection
260908,9781302969325,Cheap Graphic Novels,PUNISHER WELCOME BACK FRANK TP MARVEL PREMIERE COLLECTION,10.49,https://cheapgraphicnovels.com/punisher-welcome-back-frank-tp-marvel-premiere-collection
260908,9781302969691,Cheap Graphic Novels,WOLVERINE EPIC COLLECTION VOL 05 VALLEY OF DEATH TP (PRE-ORDER),32.99,https://cheapgraphicnovels.com/wolverine-epic-collection-vol-05-valley-of-death-tp-pre-order-
260908,9781302969776,Cheap Graphic Novels,SPIDER-GIRL MODERN ERA EPIC COLLECTION VOL 07 COMES THE CARNAGE TP,29.99,https://cheapgraphicnovels.com/spider-girl-modern-era-epic-collection-vol-07-comes-the-carnage-tp
260908,9781302969998,Cheap Graphic Novels,SPIDER-MAN BY CHIP ZDARSKY OMNIBUS HC DM ZDARSKY CVR NEW PTG (PRE-ORDER),74.99,https://cheapgraphicnovels.com/spider-man-by-chip-zdarsky-omnibus-hc-dm-zdarsky-cvr-new-ptg-pre-order-
260908,9781302970024,Cheap Graphic Novels,MILES MORALES SPIDER-MAN MODERN ERA EPIC COLLECTION VOL 04 SITTING IN A TREE TP,29.99,https://cheapgraphicnovels.com/miles-morales-spider-man-modern-era-epic-collection-vol-04-sitting-in-a-tree-tp
260908,9781302970291,Cheap Graphic Novels,AVENGERS SECRET WARS TP MARVEL PREMIER COLLECTION,10.49,https://cheapgraphicnovels.com/avengers-secret-wars-tp-marvel-premier-collection
260908,9781302970567,Cheap Graphic Novels,X-MEN YESTERDAY'S X-MEN TP MARVEL PREMIER COLLECTION,10.49,https://cheapgraphicnovels.com/x-men-yesterday-s-x-men-tp-marvel-premier-collection
260908,9781302970659,Cheap Graphic Novels,ULTIMATE SPIDER-MAN OMNIBUS VOL 02 HC BAGLEY ISSUE 50 CVR NEW PTG (NICK AND DENT),62.5,https://cheapgraphicnovels.com/ultimate-spider-man-omnibus-vol-02-hc-bagley-issue-50-cvr-new-ptg-nick-and-dent-
260908,9781401201920,Cheap Graphic Novels,BIRDS OF PREY (1999) OF LIKE MINDS TP,8.99,https://cheapgraphicnovels.com/birds-of-prey-1999-of-like-minds-tp
260908,9781401207526,Cheap Graphic Novels,BATMAN YEAR ONE DELUXE TP,10.49,https://cheapgraphicnovels.com/batman-year-one-deluxe-tp
260908,9781401212414,Cheap Graphic Novels,,,
260908,9781401213596,Cheap Graphic Novels,BATMAN EGO AND OTHER TAILS TP,12.59,https://cheapgraphicnovels.com/batman-ego-and-other-tails-tp
260908,9781401216269,Cheap Graphic Novels,BATMAN THE MAN WHO LAUGHS TP,10.49,https://cheapgraphicnovels.com/batman-the-man-who-laughs-tp
260908,9781401216993,Cheap Graphic Novels,,,
260908,9781401219215,Cheap Graphic Novels,Y THE LAST MAN DELUXE EDITION VOL 01 HC,17.99,https://cheapgraphicnovels.com/y-the-last-man-deluxe-edition-vol-01-hc
260908,9781401219239,Cheap Graphic Novels,,,
260908,9781401220341,Cheap Graphic Novels,,,
260908,9781401225759,Cheap Graphic Novels,,,
260908,9781401225766,Cheap Graphic Novels,,,
260908,9781401229870,Cheap Graphic Novels,,,
260908,9781401231453,Cheap Graphic Novels,BATMAN UNDER THE RED HOOD TP,17.99,https://cheapgraphicnovels.com/batman-under-the-red-hood-tp
260908,9781401232054,Cheap Graphic Novels,,,
260908,9781401232078,Cheap Graphic Novels,BATMAN THE BLACK MIRROR TP,11.89,https://cheapgraphicnovels.com/batman-the-black-mirror-tp
260908,9781401232597,Cheap Graphic Novels,BATMAN THE LONG HALLOWEEN TP,17.99,https://cheapgraphicnovels.com/batman-the-long-halloween-tp
260908,9781401232740,Cheap Graphic Novels,BATMAN A DEATH IN THE FAMILY TP,14.99,https://cheapgraphicnovels.com/batman-a-death-in-the-family-tp
260908,9781401232993,Cheap Graphic Novels,,,
260908,9781401233143,Cheap Graphic Novels,JLA (1997) DELUXE EDITION VOL 01 TP,11.99,https://cheapgraphicnovels.com/jla-1997-deluxe-edition-vol-01-tp
260908,9781401233792,Cheap Graphic Novels,BATMAN KNIGHTFALL VOL 01 TP NEW ED,17.99,https://cheapgraphicnovels.com/batman-knightfall-vol-01-tp-new-ed
260908,9781401233846,Cheap Graphic Novels,CATWOMAN (2002) VOL 01 TRAIL OF THE CATWOMAN TP,17.99,https://cheapgraphicnovels.com/catwoman-2002-vol-01-trail-of-the-catwoman-tp
260908,9781401234553,Cheap Graphic Novels,,,
260908,9781401235178,Cheap Graphic Novels,GREEN LANTERN GREEN ARROW COMPLETE TP,17.99,https://cheapgraphicnovels.com/green-lantern-green-arrow-complete-tp
260908,9781401235420,Cheap Graphic Novels,BATMAN (2011) VOL 01 THE COURT OF OWLS TP,11.89,https://cheapgraphicnovels.com/batman-2011-vol-01-the-court-of-owls-tp
260908,9781401238025,Cheap Graphic Novels,HELLBLAZER (1988) VOL 05 DANGEROUS HABITS TP,11.99,https://cheapgraphicnovels.com/hellblazer-1988-vol-05-dangerous-habits-tp
260908,9781401238964,Cheap Graphic Novels,WATCHMEN DELUXE EDITION HC,23.99,https://cheapgraphicnovels.com/watchmen-deluxe-edition-hc
260908,9781401240332,Cheap Graphic Novels,BATGIRL / ROBIN YEAR ONE TP,14.99,https://cheapgraphicnovels.com/batgirl-robin-year-one-tp
260908,9781401240455,Cheap Graphic Novels,PREACHER DELUXE EDITION BOOK 01 TP,12.99,https://cheapgraphicnovels.com/preacher-deluxe-edition-book-01-tp
260908,9781401244019,Cheap Graphic Novels,BATMAN DARK VICTORY TP,14.99,https://cheapgraphicnovels.com/batman-dark-victory-tp
260908,9781401244163,Cheap Graphic Novels,LEGION OF SUPER-HEROES GREAT DARKNESS SAGA TP,14.99,https://cheapgraphicnovels.com/legion-of-super-heroes-great-darkness-saga-tp
260908,9781401245252,Cheap Graphic Novels,,,
260908,9781401248888,Cheap Graphic Novels,,,
260908,9781401251345,Cheap Graphic Novels,GREEN LANTERN BY GEOFF JOHNS OMNIBUS VOL 01 HC,74.99,https://cheapgraphicnovels.com/green-lantern-by-geoff-johns-omnibus-vol-01-hc
260908,9781401251468,Cheap Graphic Novels,PUNK ROCK JESUS DELUXE EDITION HC,23.99,https://cheapgraphicnovels.com/punk-rock-jesus-deluxe-edition-hc
260908,9781401253134,Cheap Graphic Novels,,,
260908,9781401254728,Cheap Graphic Novels,GOTHAM ACADEMY VOL 01 TP,10.49,https://cheapgraphicnovels.com/gotham-academy-vol-01-tp
260908,9781401255268,Cheap Graphic Novels,GREEN LANTERN BY GEOFF JOHNS OMNIBUS VOL 02 HC,74.99,https://cheapgraphicnovels.com/green-lantern-by-geoff-johns-omnibus-vol-02-hc
260908,9781401257965,Cheap Graphic Novels,ABSOLUTE GREEN LANTERN / GREEN ARROW HC,59.99,https://cheapgraphicnovels.com/absolute-green-lantern-green-arrow-hc
260908,9781401257989,Cheap Graphic Novels,BATGIRL (2014) VOL 01 THE BATGIRL OF BURNSIDE TP,10.49,https://cheapgraphicnovels.com/batgirl-2014-vol-01-the-batgirl-of-burnside-tp
260908,9781401258207,Cheap Graphic Novels,GREEN LANTERN BY GEOFF JOHNS OMNIBUS VOL 03 HC,74.99,https://cheapgraphicnovels.com/green-lantern-by-geoff-johns-omnibus-vol-03-hc
260908,9781401258238,Cheap Graphic Novels,JUSTICE LEAGUE A LEAGUE OF ONE TP,11.99,https://cheapgraphicnovels.com/justice-league-a-league-of-one-tp
260908,9781401258313,Cheap Graphic Novels,,,
260908,9781401263119,Cheap Graphic Novels,,,
260908,9781401263126,Cheap Graphic Novels,DOOM PATROL (1987) BOOK 01 TP,20.99,https://cheapgraphicnovels.com/doom-patrol-1987-book-01-tp
260908,9781401263522,Cheap Graphic Novels,BATGIRL (2000) VOL 02 TO THE DEATH TP,11.99,https://cheapgraphicnovels.com/batgirl-2000-vol-02-to-the-death-tp
260908,9781401265854,Cheap Graphic Novels,BATGIRL (2000) VOL 03 POINT BLANK TP,12.99,https://cheapgraphicnovels.com/batgirl-2000-vol-03-point-blank-tp
260908,9781401267353,Cheap Graphic Novels,FLASH BY MARK WAID BOOK 01 TP,20.99,https://cheapgraphicnovels.com/flash-by-mark-waid-book-01-tp
260908,9781401267452,Cheap Graphic Novels,,,
260908,9781401268237,Cheap Graphic Novels,,,
260908,9781401270261,Cheap Graphic Novels,,,
260908,9781401271947,Cheap Graphic Novels,,,
260908,9781401274375,Cheap Graphic Novels,ABSOLUTE JUSTICE LEAGUE ORIGIN HC,59.99,https://cheapgraphicnovels.com/absolute-justice-league-origin-hc
260908,9781401278991,Cheap Graphic Novels,,,
260908,9781401283292,Cheap Graphic Novels,,,
260908,9781401283544,Cheap Graphic Novels,MISTER MIRACLE TP,14.99,https://cheapgraphicnovels.com/mister-miracle-tp
260908,9781401284626,Cheap Graphic Novels,ABSOLUTE KINGDOM COME HC,59.99,https://cheapgraphicnovels.com/absolute-kingdom-come-hc
260908,9781401286231,Cheap Graphic Novels,TEEN TITANS RAVEN TP,11.89,https://cheapgraphicnovels.com/teen-titans-raven-tp
260908,9781401287191,Cheap Graphic Novels,TEEN TITANS BEAST BOY TP,11.89,https://cheapgraphicnovels.com/teen-titans-beast-boy-tp
260908,9781401288136,Cheap Graphic Novels,FLASH AND GREEN LANTERN THE BRAVE AND THE BOLD DELUXE EDITION HC,20.99,https://cheapgraphicnovels.com/flash-and-green-lantern-the-brave-and-the-bold-deluxe-edition-hc
260908,9781401290832,Cheap Graphic Novels,SUPERMAN ALL-STAR SUPERMAN TP,17.99,https://cheapgraphicnovels.com/superman-all-star-superman-tp
260908,9781401292317,Cheap Graphic Novels,,,
260908,9781401295295,Cheap Graphic Novels,GREEN LANTERN (2018) VOL 01 INTERGALACTIC LAWMAN TP,10.79,https://cheapgraphicnovels.com/green-lantern-2018-vol-01-intergalactic-lawman-tp
260908,9781401295325,Cheap Graphic Novels,FLASH BY GEOFF JOHNS OMNIBUS NEW EDITION VOL 01 HC,59.99,https://cheapgraphicnovels.com/flash-by-geoff-johns-omnibus-new-edition-vol-01-hc
260908,9781401297244,Cheap Graphic Novels,BATMAN HUSH COMPLETE EDITION TP,14.99,https://cheapgraphicnovels.com/batman-hush-complete-edition-tp
260908,9781506702162,Cheap Graphic Novels,MOEBIUS LIBRARY WORLD OF EDENA HC,34.99,https://cheapgraphicnovels.com/moebius-library-world-of-edena-hc
260908,9781506711423,Cheap Graphic Novels,UMBRELLA ACADEMY VOL 03 HOTEL OBLIVION TP,13.99,https://cheapgraphicnovels.com/umbrella-academy-vol-03-hotel-oblivion-tp
260908,9781506726823,Cheap Graphic Novels,CYBERPUNK 2077 OMNIBUS VOL 01 TP,20.99,https://cheapgraphicnovels.com/cyberpunk-2077-omnibus-vol-01-tp
260908,9781524108595,Cheap Graphic Novels,BOYS OMNIBUS VOL 01 TP,22.49,https://cheapgraphicnovels.com/boys-omnibus-vol-01-tp
260908,9781524109707,Cheap Graphic Novels,BOYS OMNIBUS VOL 02 TP (NICK AND DENT),14.99,https://cheapgraphicnovels.com/boys-omnibus-vol-02-tp-nick-and-dent-
260908,9781524111403,Cheap Graphic Novels,BOYS OMNIBUS VOL 04 TP,22.49,https://cheapgraphicnovels.com/boys-omnibus-vol-04-tp
260908,9781534300286,Cheap Graphic Novels,KILL OR BE KILLED VOL 01 TP,11.89,https://cheapgraphicnovels.com/kill-or-be-killed-vol-01-tp
260908,9781534300361,Cheap Graphic Novels,SNOTGIRL VOL 01 GREEN HAIR DON'T CARE TP,9.09,https://cheapgraphicnovels.com/snotgirl-vol-01-green-hair-don-t-care-tp
260908,9781534302280,Cheap Graphic Novels,KILL OR BE KILLED VOL 02 TP,11.89,https://cheapgraphicnovels.com/kill-or-be-killed-vol-02-tp
260908,9781534303348,Cheap Graphic Novels,PAPER GIRLS DELUXE EDITION VOL 01 HC,24.49,https://cheapgraphicnovels.com/paper-girls-deluxe-edition-vol-01-hc
260908,9781534306752,Cheap Graphic Novels,ICE CREAM MAN VOL 01 RAINBOW SPRINKLES TP,7.99,https://cheapgraphicnovels.com/ice-cream-man-vol-01-rainbow-sprinkles-tp
260908,9781534306868,Cheap Graphic Novels,INVINCIBLE COMPENDIUM VOL 03 TP,45.49,https://cheapgraphicnovels.com/invincible-compendium-vol-03-tp
260908,9781534308527,Cheap Graphic Novels,GIDEON FALLS VOL 01 THE BLACK BARN TP,7.99,https://cheapgraphicnovels.com/gideon-falls-vol-01-the-black-barn-tp
260908,9781534308763,Cheap Graphic Novels,ICE CREAM MAN VOL 02 STRANGE NEAPOLITAN TP,11.89,https://cheapgraphicnovels.com/ice-cream-man-vol-02-strange-neapolitan-tp
260908,9781534312265,Cheap Graphic Novels,ICE CREAM MAN VOL 03 HOPSCOTCH MELANGE TP,11.89,https://cheapgraphicnovels.com/ice-cream-man-vol-03-hopscotch-melange-tp
260908,9781534312357,Cheap Graphic Novels,MURDER FALCON TP (NICK AND DENT),9.99,https://cheapgraphicnovels.com/murder-falcon-tp-nick-and-dent-
260908,9781534313408,Cheap Graphic Novels,WALKING DEAD COMPENDIUM VOL 04 TP,41.99,https://cheapgraphicnovels.com/walking-dead-compendium-vol-04-tp
260908,9781534318335,Cheap Graphic Novels,DEPARTMENT OF TRUTH VOL 01 THE END OF THE WORLD TP,9.74,https://cheapgraphicnovels.com/department-of-truth-vol-01-the-end-of-the-world-tp
260908,9781534319165,Cheap Graphic Novels,RADIANT BLACK VOL 01 (NOT SO) SECRET ORIGIN TP,11.89,https://cheapgraphicnovels.com/radiant-black-vol-01-not-so-secret-origin-tp
260908,9781534321281,Cheap Graphic Novels,WALKING DEAD CLEMENTINE BOOK 01 TP,10.49,https://cheapgraphicnovels.com/walking-dead-clementine-book-01-tp
260908,9781534322042,Cheap Graphic Novels,ASTRO CITY METROBOOK VOL 01 TP,20.99,https://cheapgraphicnovels.com/astro-city-metrobook-vol-01-tp
260908,9781534323285,Cheap Graphic Novels,RADIANT BLACK VOL 03 ROGUES GALLERY TP,11.89,https://cheapgraphicnovels.com/radiant-black-vol-03-rogues-gallery-tp
260908,9781534323865,Cheap Graphic Novels,IT'S LONELY AT THE CENTRE OF THE EARTH TP,9.74,https://cheapgraphicnovels.com/it-s-lonely-at-the-centre-of-the-earth-tp
260908,9781534324749,Cheap Graphic Novels,DO A POWERBOMB TP,17.49,https://cheapgraphicnovels.com/do-a-powerbomb-tp
260908,9781534324770,Cheap Graphic Novels,RADIANT BLACK VOL 04 TWO-IN-ONE TP,11.89,https://cheapgraphicnovels.com/radiant-black-vol-04-two-in-one-tp
260908,9781534325197,Cheap Graphic Novels,WALKING DEAD CLEMENTINE BOOK 02 TP,10.49,https://cheapgraphicnovels.com/walking-dead-clementine-book-02-tp
260908,9781534325937,Cheap Graphic Novels,LOVESICK TP,12.59,https://cheapgraphicnovels.com/lovesick-tp
260908,9781534327764,Cheap Graphic Novels,INVINCIBLE COMPLETE LIBRARY VOL 06 HC,87.49,https://cheapgraphicnovels.com/invincible-complete-library-vol-06-hc
260908,9781534328013,Cheap Graphic Novels,INVINCIBLE VOL 09 TP NEW EDITION,10.49,https://cheapgraphicnovels.com/invincible-vol-09-tp-new-edition
260908,9781534328020,Cheap Graphic Novels,INVINCIBLE VOL 10 TP NEW EDITION,10.49,https://cheapgraphicnovels.com/invincible-vol-10-tp-new-edition
260908,9781534328037,Cheap Graphic Novels,INVINCIBLE VOL 11 TP NEW EDITION,10.49,https://cheapgraphicnovels.com/invincible-vol-11-tp-new-edition
260908,9781534328044,Cheap Graphic Novels,INVINCIBLE VOL 12 TP NEW EDITION,10.49,https://cheapgraphicnovels.com/invincible-vol-12-tp-new-edition
260908,9781534328075,Cheap Graphic Novels,GI JOE (2024) VOL 01 THE COBRA STRIKES TP REG CVR,11.89,https://cheapgraphicnovels.com/gi-joe-2024-vol-01-the-cobra-strikes-tp-reg-cvr
260908,9781534328297,Cheap Graphic Novels,EAST OF WEST THE END TIMES COMPENDIUM TP,41.99,https://cheapgraphicnovels.com/east-of-west-the-end-times-compendium-tp
260908,9781534329553,Cheap Graphic Novels,GI JOE SCARLETT VOL 01 SPECIAL MISSION TP FERRARI CVR,10.49,https://cheapgraphicnovels.com/gi-joe-scarlett-vol-01-special-mission-tp-ferrari-cvr
260908,9781534329898,Cheap Graphic Novels,TRANSFORMERS (2023) VOL 03 COMBINER CHAOS TP REG CVR,11.89,https://cheapgraphicnovels.com/transformers-2023-vol-03-combiner-chaos-tp-reg-cvr
260908,9781534329904,Cheap Graphic Novels,GI JOE (2024) VOL 02 BLUDD'S REVENGE TP REG CVR,11.89,https://cheapgraphicnovels.com/gi-joe-2024-vol-02-bludd-s-revenge-tp-reg-cvr
260908,9781534329928,Cheap Graphic Novels,INVINCIBLE VOL 15 TP NEW EDITION,10.49,https://cheapgraphicnovels.com/invincible-vol-15-tp-new-edition
260908,9781534329935,Cheap Graphic Novels,INVINCIBLE UNIVERSE BATTLE BEAST VOL 02 TP REG CVR,11.89,https://cheapgraphicnovels.com/invincible-universe-battle-beast-vol-02-tp-reg-cvr
260908,9781534330085,Cheap Graphic Novels,INVINCIBLE VOL 14 TP NEW EDITION,10.49,https://cheapgraphicnovels.com/invincible-vol-14-tp-new-edition
260908,9781534330306,Cheap Graphic Novels,INVINCIBLE UNIVERSE CAPES VOL 01 TP,11.89,https://cheapgraphicnovels.com/invincible-universe-capes-vol-01-tp
260908,9781534330382,Cheap Graphic Novels,I WAS A FASHION SCHOOL SERIAL KILLER TP,13.99,https://cheapgraphicnovels.com/i-was-a-fashion-school-serial-killer-tp
260908,9781534330405,Cheap Graphic Novels,GI JOE (2024) VOL 04 THE HUNT FOR ENERGON TP REG CVR,11.89,https://cheapgraphicnovels.com/gi-joe-2024-vol-04-the-hunt-for-energon-tp-reg-cvr
260908,9781534330566,Cheap Graphic Novels,TECH JACKET COMPENDIUM VOL 01 TP,27.99,https://cheapgraphicnovels.com/tech-jacket-compendium-vol-01-tp
260908,9781534330849,Cheap Graphic Novels,POWER FANTASY VOL 03 THE END OF HISTORY TP,11.89,https://cheapgraphicnovels.com/power-fantasy-vol-03-the-end-of-history-tp
260908,9781534330948,Cheap Graphic Novels,ASSORTED CRISIS EVENTS VOL 02 TP REG CVR,11.89,https://cheapgraphicnovels.com/assorted-crisis-events-vol-02-tp-reg-cvr
260908,9781534331457,Cheap Graphic Novels,BARRIER TP,13.99,https://cheapgraphicnovels.com/barrier-tp
260908,9781534331525,Cheap Graphic Novels,D'ORC VOL 01 TP REG CVR,7.99,https://cheapgraphicnovels.com/d-orc-vol-01-tp-reg-cvr
260908,9781534332409,Cheap Graphic Novels,RADIANT BLACK VOL 08 NEW NUMBER ONE TP,12.59,https://cheapgraphicnovels.com/radiant-black-vol-08-new-number-one-tp
260908,9781534332485,Cheap Graphic Novels,GHOST PEPPER VOL 02 TASTE OF CINDERS TP LULLABI CVR,13.99,https://cheapgraphicnovels.com/ghost-pepper-vol-02-taste-of-cinders-tp-lullabi-cvr
260908,9781534332515,Cheap Graphic Novels,VOID RIVALS VOL 05 QUINTESSON WAR TP REG CVR,11.89,https://cheapgraphicnovels.com/void-rivals-vol-05-quintesson-war-tp-reg-cvr
260908,9781534332584,Cheap Graphic Novels,TRANSFORMERS (2023) VOL 04 CONQUER AND CONTROL TP REG CVR,11.89,https://cheapgraphicnovels.com/transformers-2023-vol-04-conquer-and-control-tp-reg-cvr
260908,9781534332638,Cheap Graphic Novels,TRANSFORMERS (2023) VOL 06 DECEPTICONS ATTACK TP NAKAYAMA CVR,11.89,https://cheapgraphicnovels.com/transformers-2023-vol-06-decepticons-attack-tp-nakayama-cvr
260908,9781534332720,Cheap Graphic Novels,INVINCIBLE VOL 16 TP NEW EDITION,10.49,https://cheapgraphicnovels.com/invincible-vol-16-tp-new-edition
260908,9781534332898,Cheap Graphic Novels,INVINCIBLE VOL 13 TP NEW EDITION,11.89,https://cheapgraphicnovels.com/invincible-vol-13-tp-new-edition
260908,9781534332980,Cheap Graphic Novels,INVINCIBLE OMNIBUS VOL 01 HC OTTLEY CVR (NICK AND DENT),62.5,https://cheapgraphicnovels.com/invincible-omnibus-vol-01-hc-ottley-cvr-nick-and-dent-
260908,9781534333109,Cheap Graphic Novels,POWER FANTASY VOL 02 MUTUALLY REASSURING DESTRUCTION TP,11.89,https://cheapgraphicnovels.com/power-fantasy-vol-02-mutually-reassuring-destruction-tp
260908,9781534333208,Cheap Graphic Novels,FIVE GEARS IN REVERSE A CRIMINAL BOOK HC (NICK AND DENT),12.5,https://cheapgraphicnovels.com/five-gears-in-reverse-a-criminal-book-hc-nick-and-dent-
260908,9781534333277,Cheap Graphic Novels,INVINCIBLE UNIVERSE BATTLE BEAST VOL 01 TP REG CVR,11.89,https://cheapgraphicnovels.com/invincible-universe-battle-beast-vol-01-tp-reg-cvr
260908,9781534333451,Cheap Graphic Novels,GI JOE (2024) VOL 03 DREADNOK WAR TP REG CVR,11.89,https://cheapgraphicnovels.com/gi-joe-2024-vol-03-dreadnok-war-tp-reg-cvr
260908,9781534333550,Cheap Graphic Novels,TRANSFORMERS (2023) VOL 05 GENERATION ONE TP NAKAYAMA CVR,11.89,https://cheapgraphicnovels.com/transformers-2023-vol-05-generation-one-tp-nakayama-cvr
260908,9781534333628,Cheap Graphic Novels,HYDE STREET VOL 02 TP,10.49,https://cheapgraphicnovels.com/hyde-street-vol-02-tp
260908,9781534333819,Cheap Graphic Novels,TRANSFORMERS THE MOVIE DELUXE EDITION HC MURPHY CVR,24.49,https://cheapgraphicnovels.com/transformers-the-movie-deluxe-edition-hc-murphy-cvr
260908,9781534333963,Cheap Graphic Novels,ASSORTED CRISIS EVENTS VOL 01 TP REG CVR,11.89,https://cheapgraphicnovels.com/assorted-crisis-events-vol-01-tp-reg-cvr
260908,9781534334441,Cheap Graphic Novels,INVINCIBLE OMNIBUS VOL 01 HC DM WALKER CVR,87.49,https://cheapgraphicnovels.com/invincible-omnibus-vol-01-hc-dm-walker-cvr
260908,9781534335318,Cheap Graphic Novels,INVINCIBLE VOL 17 TP NEW EDITION,10.49,https://cheapgraphicnovels.com/invincible-vol-17-tp-new-edition
260908,9781534335370,Cheap Graphic Novels,GI JOE A REAL AMERICAN HERO (2023) VOL 05 TP KUBERT CVR,10.49,https://cheapgraphicnovels.com/gi-joe-a-real-american-hero-2023-vol-05-tp-kubert-cvr
260908,9781534335547,Cheap Graphic Novels,DARKNESS (2025) VOL 01 TP SILVESTRI CVR,12.59,https://cheapgraphicnovels.com/darkness-2025-vol-01-tp-silvestri-cvr
260908,9781534335714,Cheap Graphic Novels,EXQUISITE CORPSES VOL 03 TP,11.89,https://cheapgraphicnovels.com/exquisite-corpses-vol-03-tp
260908,9781534340268,Cheap Graphic Novels,INVINCIBLE VOL 05 TP NEW EDITION,10.49,https://cheapgraphicnovels.com/invincible-vol-05-tp-new-edition
260908,9781534345270,Cheap Graphic Novels,TRANSFORMERS (2023) VOL 02 TRANSPORT TO OBLIVION TP REG CVR,11.89,https://cheapgraphicnovels.com/transformers-2023-vol-02-transport-to-oblivion-tp-reg-cvr
260908,9781534357686,Cheap Graphic Novels,GI JOE DESTRO VOL 01 THE ENEMY TP BRESSAN CVR,10.49,https://cheapgraphicnovels.com/gi-joe-destro-vol-01-the-enemy-tp-bressan-cvr
260908,9781534358058,Cheap Graphic Novels,INVINCIBLE VOL 06 TP NEW EDITION,10.49,https://cheapgraphicnovels.com/invincible-vol-06-tp-new-edition
260908,9781534367364,Cheap Graphic Novels,ROOK EXODUS VOL 01 TP,11.89,https://cheapgraphicnovels.com/rook-exodus-vol-01-tp
260908,9781534375062,Cheap Graphic Novels,INVINCIBLE VOL 07 TP NEW EDITION,10.49,https://cheapgraphicnovels.com/invincible-vol-07-tp-new-edition
260908,9781534395565,Cheap Graphic Novels,POWER FANTASY VOL 01 THE SUPERPOWERS TP REG CVR,7.99,https://cheapgraphicnovels.com/power-fantasy-vol-01-the-superpowers-tp-reg-cvr
260908,9781534396807,Cheap Graphic Novels,INVINCIBLE VOL 08 TP NEW EDITION,10.49,https://cheapgraphicnovels.com/invincible-vol-08-tp-new-edition
260908,9781534397378,Cheap Graphic Novels,WALKING DEAD CLEMENTINE BOOK 03 TP,10.49,https://cheapgraphicnovels.com/walking-dead-clementine-book-03-tp
260908,9781534397705,Cheap Graphic Novels,INVINCIBLE COMPLETE LIBRARY VOL 05 HC,87.5,https://cheapgraphicnovels.com/invincible-complete-library-vol-05-hc
260908,9781534398085,Cheap Graphic Novels,INVINCIBLE VOL 04 TP NEW EDITION,10.49,https://cheapgraphicnovels.com/invincible-vol-04-tp-new-edition
260908,9781534398092,Cheap Graphic Novels,INVINCIBLE VOL 03 TP NEW EDITION,10.49,https://cheapgraphicnovels.com/invincible-vol-03-tp-new-edition
260908,9781534398153,Cheap Graphic Novels,GI JOE COBRA COMMANDER VOL 01 DETERMINED TO RULE THE WORLD TP REG CVR,10.49,https://cheapgraphicnovels.com/gi-joe-cobra-commander-vol-01-determined-to-rule-the-world-tp-reg-cvr
260908,9781534398160,Cheap Graphic Novels,GI JOE DUKE VOL 01 KNOWING IS HALF THE BATTLE TP REG CVR,10.49,https://cheapgraphicnovels.com/gi-joe-duke-vol-01-knowing-is-half-the-battle-tp-reg-cvr
260908,9781534398177,Cheap Graphic Novels,TRANSFORMERS (2023) VOL 01 ROBOTS IN DISGUISE TP REG DWJ CVR,11.89,https://cheapgraphicnovels.com/transformers-2023-vol-01-robots-in-disguise-tp-reg-dwj-cvr
260908,9781534398184,Cheap Graphic Novels,VOID RIVALS VOL 01 MORE THAN MEETS THE EYE TP,11.89,https://cheapgraphicnovels.com/void-rivals-vol-01-more-than-meets-the-eye-tp
260908,9781534399037,Cheap Graphic Novels,INVINCIBLE VOL 02 TP NEW EDITION,10.49,https://cheapgraphicnovels.com/invincible-vol-02-tp-new-edition
260908,9781534399068,Cheap Graphic Novels,INVINCIBLE COMPLETE LIBRARY VOL 04 HC,87.5,https://cheapgraphicnovels.com/invincible-complete-library-vol-04-hc
260908,9781534399952,Cheap Graphic Novels,INVINCIBLE VOL 01 TP NEW EDITION,9.74,https://cheapgraphicnovels.com/invincible-vol-01-tp-new-edition
260908,9781534399969,Cheap Graphic Novels,INVINCIBLE UNIVERSE COMPENDIUM VOL 01 TP,27.99,https://cheapgraphicnovels.com/invincible-universe-compendium-vol-01-tp
260908,9781563890055,Cheap Graphic Novels,ANIMAL MAN (1988) VOL 01 TP,11.99,https://cheapgraphicnovels.com/animal-man-1988-vol-01-tp
260908,9781563893421,Cheap Graphic Novels,,,
260908,9781563893742,Cheap Graphic Novels,MANHUNTER THE SPECIAL ED TP,5.99,https://cheapgraphicnovels.com/manhunter-the-special-ed-tp
260908,9781563894695,Cheap Graphic Novels,,,
260908,9781582405001,Cheap Graphic Novels,INVINCIBLE ULTIMATE COLLECTION VOL 01 HC,27.99,https://cheapgraphicnovels.com/invincible-ultimate-collection-vol-01-hc
260908,9781582405308,Cheap Graphic Novels,WALKING DEAD VOL 04 THE HEART'S DESIRE TP,10.49,https://cheapgraphicnovels.com/walking-dead-vol-04-the-heart-s-desire-tp
260908,9781582406121,Cheap Graphic Novels,WALKING DEAD VOL 05 THE BEST DEFENSE TP,10.49,https://cheapgraphicnovels.com/walking-dead-vol-05-the-best-defense-tp
260908,9781582406725,Cheap Graphic Novels,WALKING DEAD VOL 01 DAYS GONE BYE TP,10.49,https://cheapgraphicnovels.com/walking-dead-vol-01-days-gone-bye-tp
260908,9781582406848,Cheap Graphic Novels,WALKING DEAD VOL 06 THIS SORROWFUL LIFE TP,10.49,https://cheapgraphicnovels.com/walking-dead-vol-06-this-sorrowful-life-tp
260908,9781582407111,Cheap Graphic Novels,INVINCIBLE VOL 01 FAMILY MATTERS TP,7.99,https://cheapgraphicnovels.com/invincible-vol-01-family-matters-tp
260908,9781582407180,Cheap Graphic Novels,INVINCIBLE COMPLETE LIBRARY VOL 01 HC,87.49,https://cheapgraphicnovels.com/invincible-complete-library-vol-01-hc
260908,9781582407753,Cheap Graphic Novels,WALKING DEAD VOL 02 MILES BEHIND US TP,10.49,https://cheapgraphicnovels.com/walking-dead-vol-02-miles-behind-us-tp
260908,9781582408057,Cheap Graphic Novels,WALKING DEAD VOL 03 SAFETY BEHIND BARS TP,10.49,https://cheapgraphicnovels.com/walking-dead-vol-03-safety-behind-bars-tp
260908,9781582408286,Cheap Graphic Novels,WALKING DEAD VOL 07 THE CALM BEFORE TP,11.89,https://cheapgraphicnovels.com/walking-dead-vol-07-the-calm-before-tp
260908,9781582408835,Cheap Graphic Novels,WALKING DEAD VOL 08 MADE TO SUFFER TP,11.89,https://cheapgraphicnovels.com/walking-dead-vol-08-made-to-suffer-tp
260908,9781593070946,Cheap Graphic Novels,HELLBOY VOL 01 SEED OF DESTRUCTION TP,12.59,https://cheapgraphicnovels.com/hellboy-vol-01-seed-of-destruction-tp
260908,9781593076405,Cheap Graphic Novels,,,
260908,9781593079789,Cheap Graphic Novels,UMBRELLA ACADEMY VOL 01 APOCALYPSE SUITE TP,12.59,https://cheapgraphicnovels.com/umbrella-academy-vol-01-apocalypse-suite-tp
260908,9781595823458,Cheap Graphic Novels,UMBRELLA ACADEMY VOL 02 DALLAS TP,12.59,https://cheapgraphicnovels.com/umbrella-academy-vol-02-dallas-tp
260908,9781595828934,Cheap Graphic Novels,,,
260908,9781607060222,Cheap Graphic Novels,WALKING DEAD VOL 09 HERE WE REMAIN TP,10.49,https://cheapgraphicnovels.com/walking-dead-vol-09-here-we-remain-tp
260908,9781607060758,Cheap Graphic Novels,WALKING DEAD VOL 10 WHAT WE BECOME TP,10.49,https://cheapgraphicnovels.com/walking-dead-vol-10-what-we-become-tp
260908,9781607060765,Cheap Graphic Novels,WALKING DEAD COMPENDIUM VOL 01 TP,41.99,https://cheapgraphicnovels.com/walking-dead-compendium-vol-01-tp
260908,9781607061120,Cheap Graphic Novels,INVINCIBLE COMPLETE LIBRARY VOL 02 HC,87.49,https://cheapgraphicnovels.com/invincible-complete-library-vol-02-hc
260908,9781607061816,Cheap Graphic Novels,WALKING DEAD VOL 11 FEAR THE HUNTERS TP,10.49,https://cheapgraphicnovels.com/walking-dead-vol-11-fear-the-hunters-tp
260908,9781607062547,Cheap Graphic Novels,WALKING DEAD VOL 12 LIFE AMONG THEM TP,10.49,https://cheapgraphicnovels.com/walking-dead-vol-12-life-among-them-tp
260908,9781607062554,Cheap Graphic Novels,INVINCIBLE PRESENTS ATOM EVE and REX SPLODE VOL 01 TP,10.49,https://cheapgraphicnovels.com/invincible-presents-atom-eve-and-rex-splode-vol-01-tp
260908,9781607063292,Cheap Graphic Novels,WALKING DEAD VOL 13 TOO FAR GONE TP,10.49,https://cheapgraphicnovels.com/walking-dead-vol-13-too-far-gone-tp
260908,9781607064114,Cheap Graphic Novels,INVINCIBLE COMPENDIUM VOL 01 TP,45.49,https://cheapgraphicnovels.com/invincible-compendium-vol-01-tp
260908,9781607064213,Cheap Graphic Novels,INVINCIBLE COMPLETE LIBRARY VOL 03 HC,87.49,https://cheapgraphicnovels.com/invincible-complete-library-vol-03-hc
260908,9781607065968,Cheap Graphic Novels,WALKING DEAD COMPENDIUM VOL 02 TP,41.99,https://cheapgraphicnovels.com/walking-dead-compendium-vol-02-tp
260908,9781607066019,Cheap Graphic Novels,SAGA VOL 01 TP,7.99,https://cheapgraphicnovels.com/saga-vol-01-tp
260908,9781607067702,Cheap Graphic Novels,EAST OF WEST VOL 01 THE PROMISE TP,11.89,https://cheapgraphicnovels.com/east-of-west-vol-01-the-promise-tp
260908,9781607067726,Cheap Graphic Novels,INVINCIBLE COMPENDIUM VOL 02 TP,45.49,https://cheapgraphicnovels.com/invincible-compendium-vol-02-tp
260908,9781607069461,Cheap Graphic Novels,SEX CRIMINALS VOL 01 TP,7.99,https://cheapgraphicnovels.com/sex-criminals-vol-01-tp
260908,9781613770078,Cheap Graphic Novels,,,
260908,9781616552473,Cheap Graphic Novels,FRANK MILLER'S ART OF SIN CITY TP,17.49,https://cheapgraphicnovels.com/frank-miller-s-art-of-sin-city-tp
260908,9781631404740,Cheap Graphic Novels,,,
260908,9781632152121,Cheap Graphic Novels,SUNSTONE VOL 01 TP,10.49,https://cheapgraphicnovels.com/sunstone-vol-01-tp
260908,9781632152299,Cheap Graphic Novels,SUNSTONE VOL 02 TP,10.49,https://cheapgraphicnovels.com/sunstone-vol-02-tp
260908,9781632154569,Cheap Graphic Novels,WALKING DEAD COMPENDIUM VOL 03 TP,41.99,https://cheapgraphicnovels.com/walking-dead-compendium-vol-03-tp
260908,9781632158864,Cheap Graphic Novels,HEAD LOPPER VOL 01 ISLAND OR A PLAGUE OF BEASTS TP (NICK AND DENT),7.99,https://cheapgraphicnovels.com/head-lopper-vol-01-island-or-a-plague-of-beasts-tp-nick-and-dent-
260908,9781684056873,Cheap Graphic Novels,TEENAGE MUTANT NINJA TURTLES REBORN VOL 01 FROM THE ASHES TP,12.99,https://cheapgraphicnovels.com/teenage-mutant-ninja-turtles-reborn-vol-01-from-the-ashes-tp
260908,9781684058419,Cheap Graphic Novels,TEENAGE MUTANT NINJA TURTLES THE LAST RONIN HC,20.99,https://cheapgraphicnovels.com/teenage-mutant-ninja-turtles-the-last-ronin-hc
260908,9781684157648,Cheap Graphic Novels,SOMETHING IS KILLING THE CHILDREN DELUXE EDITION BOOK 01 HC,37.49,https://cheapgraphicnovels.com/something-is-killing-the-children-deluxe-edition-book-01-hc
260908,9781684158058,Cheap Graphic Novels,MANY DEATHS OF LAILA STARR TP,11.24,https://cheapgraphicnovels.com/many-deaths-of-laila-starr-tp
260908,9781779501127,Cheap Graphic Novels,WATCHMEN TP,14.99,https://cheapgraphicnovels.com/watchmen-tp
260908,9781779502131,Cheap Graphic Novels,,,
260908,9781779503862,Cheap Graphic Novels,TEEN TITANS BEAST BOY LOVES RAVEN TP,11.89,https://cheapgraphicnovels.com/teen-titans-beast-boy-loves-raven-tp
260908,9781779504210,Cheap Graphic Novels,SUPERMAN SMASHES THE KLAN TP,11.89,https://cheapgraphicnovels.com/superman-smashes-the-klan-tp
260908,9781779504463,Cheap Graphic Novels,BATMAN WHO LAUGHS TP,12.99,https://cheapgraphicnovels.com/batman-who-laughs-tp
260908,9781779507198,Cheap Graphic Novels,BATGIRL (2011) BATGIRL RETURNS OMNIBUS HC,59.99,https://cheapgraphicnovels.com/batgirl-2011-batgirl-returns-omnibus-hc
260908,9781779511553,Cheap Graphic Novels,ABSOLUTE WONDER WOMAN GODS AND MORTALS HC,74.99,https://cheapgraphicnovels.com/absolute-wonder-woman-gods-and-mortals-hc
260908,9781779512055,Cheap Graphic Novels,FAR SECTOR TP,17.99,https://cheapgraphicnovels.com/far-sector-tp
260908,9781779512058,Cheap Graphic Novels,,,
260908,9781779513458,Cheap Graphic Novels,FLASH BY GEOFF JOHNS OMNIBUS NEW EDITION VOL 03 HC,59.99,https://cheapgraphicnovels.com/flash-by-geoff-johns-omnibus-new-edition-vol-03-hc
260908,9781779514349,Cheap Graphic Novels,NICE HOUSE ON THE LAKE VOL 01 TP,12.99,https://cheapgraphicnovels.com/nice-house-on-the-lake-vol-01-tp
260908,9781779515346,Cheap Graphic Novels,DOOM PATROL BY RACHEL POLLACK OMNIBUS HC,59.99,https://cheapgraphicnovels.com/doom-patrol-by-rachel-pollack-omnibus-hc
260908,9781779515681,Cheap Graphic Novels,SUPERGIRL WOMAN OF TOMORROW TP,12.99,https://cheapgraphicnovels.com/supergirl-woman-of-tomorrow-tp
260908,9781779516831,Cheap Graphic Novels,BATGIRL YEAR ONE TP 2023 ED,12.99,https://cheapgraphicnovels.com/batgirl-year-one-tp-2023-ed
260908,9781779516992,Cheap Graphic Novels,NIGHTWING (2021) VOL 01 LEAPING INTO THE LIGHT TP,11.89,https://cheapgraphicnovels.com/nightwing-2021-vol-01-leaping-into-the-light-tp
260908,9781779517272,Cheap Graphic Novels,FLASHPOINT TP,11.89,https://cheapgraphicnovels.com/flashpoint-tp
260908,9781779517999,Cheap Graphic Novels,TEEN TITANS STARFIRE TP,11.89,https://cheapgraphicnovels.com/teen-titans-starfire-tp
260908,9781779520050,Cheap Graphic Novels,NIGHTWING (2021) VOL 02 FEAR STATE TP,12.59,https://cheapgraphicnovels.com/nightwing-2021-vol-02-fear-state-tp
260908,9781779521149,Cheap Graphic Novels,NIGHTWING (2019) VOL 02 THE JOKER WAR TP,12.99,https://cheapgraphicnovels.com/nightwing-2019-vol-02-the-joker-war-tp
260908,9781779523020,Cheap Graphic Novels,NIGHTWING (2021) VOL 03 GET GRAYSON TP,12.59,https://cheapgraphicnovels.com/nightwing-2021-vol-03-get-grayson-tp
260908,9781779525031,Cheap Graphic Novels,POISON IVY VOL 01 THE VIRTUOUS CYCLE TP,11.89,https://cheapgraphicnovels.com/poison-ivy-vol-01-the-virtuous-cycle-tp
260908,9781779525123,Cheap Graphic Novels,TITANS (2023) VOL 01 OUT OF THE SHADOWS TP,11.89,https://cheapgraphicnovels.com/titans-2023-vol-01-out-of-the-shadows-tp
260908,9781779525222,Cheap Graphic Novels,NIGHTWING (2021) VOL 04 THE BATTLE FOR BLUDHAVEN'S HEART TP,11.89,https://cheapgraphicnovels.com/nightwing-2021-vol-04-the-battle-for-bludhaven-s-heart-tp
260908,9781779525673,Cheap Graphic Novels,JLA (1996) BOOK 01 TP,29.99,https://cheapgraphicnovels.com/jla-1996-book-01-tp
260908,9781779525888,Cheap Graphic Novels,JUSTICE LEAGUE DARK (2018) REBIRTH OMNIBUS HC,89.99,https://cheapgraphicnovels.com/justice-league-dark-2018-rebirth-omnibus-hc
260908,9781779526311,Cheap Graphic Novels,ABSOLUTE JUSTICE LEAGUE THE WORLD'S GREATEST SUPER-HEROES BY ALEX ROSS AND PAUL DINI HC 2024 ED,59.99,https://cheapgraphicnovels.com/absolute-justice-league-the-world-s-greatest-super-heroes-by-alex-ross-and-paul-dini-hc-2024-ed
260908,9781779526526,Cheap Graphic Novels,,,
260908,9781779526984,Cheap Graphic Novels,FLASH (2016) BY JOSHUA WILLIAMSON OMNIBUS VOL 01 HC,74.99,https://cheapgraphicnovels.com/flash-2016-by-joshua-williamson-omnibus-vol-01-hc
260908,9781779527028,Cheap Graphic Novels,BATMAN CITY OF MADNESS HC,17.99,https://cheapgraphicnovels.com/batman-city-of-madness-hc
260908,9781779527257,Cheap Graphic Novels,SUPERMAN ALL-STAR SUPERMAN TP DC COMPACT COMICS EDITION,7.99,https://cheapgraphicnovels.com/superman-all-star-superman-tp-dc-compact-comics-edition-1
260908,9781779527264,Cheap Graphic Novels,BATMAN HUSH TP DC COMPACT COMICS EDITION,7.99,https://cheapgraphicnovels.com/batman-hush-tp-dc-compact-comics-edition
260908,9781779527271,Cheap Graphic Novels,BATMAN THE COURT OF OWLS SAGA TP DC COMPACT COMICS EDITION (NICK AND DENT),4.99,https://cheapgraphicnovels.com/batman-the-court-of-owls-saga-tp-dc-compact-comics-edition-nick-and-dent-
260908,9781779527288,Cheap Graphic Novels,CATWOMAN TRAIL OF THE CATWOMAN TP DC COMPACT COMICS EDITION,7.99,https://cheapgraphicnovels.com/catwoman-trail-of-the-catwoman-tp-dc-compact-comics-edition
260908,9781779527301,Cheap Graphic Novels,HARLEY QUINN AND THE GOTHAM CITY SIRENS TP DC COMPACT COMICS EDITION,7.99,https://cheapgraphicnovels.com/harley-quinn-and-the-gotham-city-sirens-tp-dc-compact-comics-edition
260908,9781779527325,Cheap Graphic Novels,WATCHMEN TP DC COMPACT COMICS EDITION,7.99,https://cheapgraphicnovels.com/watchmen-tp-dc-compact-comics-edition
260908,9781779527332,Cheap Graphic Novels,WONDER WOMAN EARTH ONE TP DC COMPACT COMICS EDITION,7.99,https://cheapgraphicnovels.com/wonder-woman-earth-one-tp-dc-compact-comics-edition
260908,9781779527349,Cheap Graphic Novels,AMERICAN VAMPIRE BOOK 01 TP DC COMPACT COMICS EDITION,7.99,https://cheapgraphicnovels.com/american-vampire-book-01-tp-dc-compact-comics-edition
260908,9781779527585,Cheap Graphic Novels,ABSOLUTE JUSTICE HC 2024 ED,74.99,https://cheapgraphicnovels.com/absolute-justice-hc-2024-ed
260908,9781779527653,Cheap Graphic Novels,GREEN LANTERN BY GEOFF JOHNS BOOK 01 TP 2024 ED,23.99,https://cheapgraphicnovels.com/green-lantern-by-geoff-johns-book-01-tp-2024-ed
260908,9781779527882,Cheap Graphic Novels,POISON IVY VOL 02 UNETHICAL CONSUMPTION TP,12.59,https://cheapgraphicnovels.com/poison-ivy-vol-02-unethical-consumption-tp
260908,9781779528025,Cheap Graphic Novels,NIGHTWING (2021) VOL 05 THE LEAP TP,11.89,https://cheapgraphicnovels.com/nightwing-2021-vol-05-the-leap-tp
260908,9781779528100,Cheap Graphic Novels,POISON IVY VOL 03 MOURNING SICKNESS HC,14.99,https://cheapgraphicnovels.com/poison-ivy-vol-03-mourning-sickness-hc
260908,9781779528346,Cheap Graphic Novels,DC FINEST WONDER WOMAN ORIGINS AND OMENS TP,23.99,https://cheapgraphicnovels.com/dc-finest-wonder-woman-origins-and-omens-tp
260908,9781779528353,Cheap Graphic Novels,DC FINEST BATMAN YEAR ONE AND TWO TP,23.99,https://cheapgraphicnovels.com/dc-finest-batman-year-one-and-two-tp
260908,9781779528360,Cheap Graphic Novels,DC FINEST THE FLASH THE HUMAN THUNDERBOLT TP,23.99,https://cheapgraphicnovels.com/dc-finest-the-flash-the-human-thunderbolt-tp
260908,9781779528377,Cheap Graphic Novels,DC FINEST JUSTICE LEAGUE OF AMERICA THE BRIDGE BETWEEN EARTHS TP,23.99,https://cheapgraphicnovels.com/dc-finest-justice-league-of-america-the-bridge-between-earths-tp
260908,9781779528438,Cheap Graphic Novels,POISON IVY VOL 04 ORIGINS OF SPECIES HC,14.99,https://cheapgraphicnovels.com/poison-ivy-vol-04-origins-of-species-hc
260908,9781779528483,Cheap Graphic Novels,DC FINEST GREEN LANTERN THE DEFEAT OF GREEN LANTERN TP,23.99,https://cheapgraphicnovels.com/dc-finest-green-lantern-the-defeat-of-green-lantern-tp
260908,9781779529435,Cheap Graphic Novels,NIGHTWING (2021) VOL 07 STANDING AT THE EDGE TP,12.59,https://cheapgraphicnovels.com/nightwing-2021-vol-07-standing-at-the-edge-tp
260908,9781779529534,Cheap Graphic Novels,NIGHTWING (2021) VOL 06 TIME OF THE TITANS TP,12.59,https://cheapgraphicnovels.com/nightwing-2021-vol-06-time-of-the-titans-tp
260908,9781799500506,Cheap Graphic Novels,GREEN LANTERN (2023) VOL 02 LOVE AND WAR TP,12.99,https://cheapgraphicnovels.com/green-lantern-2023-vol-02-love-and-war-tp
260908,9781799500537,Cheap Graphic Novels,TITANS (2023) VOL 02 THE DARK-WINGED QUEEN TP,12.99,https://cheapgraphicnovels.com/titans-2023-vol-02-the-dark-winged-queen-tp
260908,9781799500742,Cheap Graphic Novels,ABSOLUTE GREEN LANTERN THE SINESTRO CORPS WAR HC 2025 ED,74.99,https://cheapgraphicnovels.com/absolute-green-lantern-the-sinestro-corps-war-hc-2025-ed
260908,9781799500803,Cheap Graphic Novels,ZATANNA BRING DOWN THE HOUSE HC,17.99,https://cheapgraphicnovels.com/zatanna-bring-down-the-house-hc
260908,9781799500896,Cheap Graphic Novels,NIGHTWING (2021) VOL 08 FALLEN GRAYSON TP,12.59,https://cheapgraphicnovels.com/nightwing-2021-vol-08-fallen-grayson-tp
260908,9781799501152,Cheap Graphic Novels,JLA (1996) BOOK 02 TP,29.99,https://cheapgraphicnovels.com/jla-1996-book-02-tp
260908,9781799501299,Cheap Graphic Novels,KINGDOM COME TP DC COMPACT COMICS EDITION,7.99,https://cheapgraphicnovels.com/kingdom-come-tp-dc-compact-comics-edition
260908,9781799501541,Cheap Graphic Novels,STATIC SEASON ONE DC COMPACT COMICS EDITION TP,7.99,https://cheapgraphicnovels.com/static-season-one-dc-compact-comics-edition-tp
260908,9781799501633,Cheap Graphic Novels,DCEASED TP DC COMPACT COMICS EDITION,7.99,https://cheapgraphicnovels.com/dceased-tp-dc-compact-comics-edition
260908,9781799501916,Cheap Graphic Novels,SUPERMAN BIRTHRIGHT DC COMPACT COMICS EDITION TP,7.99,https://cheapgraphicnovels.com/superman-birthright-dc-compact-comics-edition-tp
260908,9781799501992,Cheap Graphic Novels,AUTHORITY RELENTLESS TP DC COMPACT COMICS EDITION,7.99,https://cheapgraphicnovels.com/authority-relentless-tp-dc-compact-comics-edition
260908,9781799502012,Cheap Graphic Novels,DC FINEST WONDER WOMAN THE LEGEND OF WONDER WOMAN TP,23.99,https://cheapgraphicnovels.com/dc-finest-wonder-woman-the-legend-of-wonder-woman-tp
260908,9781799502043,Cheap Graphic Novels,POISON IVY VOL 05 HUMAN BOTANY HC,17.99,https://cheapgraphicnovels.com/poison-ivy-vol-05-human-botany-hc
260908,9781799502135,Cheap Graphic Novels,SUPERMAN / BATMAN TP DC COMPACT COMICS EDITION,7.99,https://cheapgraphicnovels.com/superman-batman-tp-dc-compact-comics-edition
260908,9781799502340,Cheap Graphic Novels,DC THE NEW FRONTIER TP DC COMPACT COMICS EDITION,7.99,https://cheapgraphicnovels.com/dc-the-new-frontier-tp-dc-compact-comics-edition
260908,9781799502449,Cheap Graphic Novels,DC FINEST JUSTICE LEAGUE OF AMERICA THE RETURN TP,23.99,https://cheapgraphicnovels.com/dc-finest-justice-league-of-america-the-return-tp
260908,9781799502579,Cheap Graphic Novels,POISON IVY VOL 06 A DEATH IN MARSHVIEW TP,12.99,https://cheapgraphicnovels.com/poison-ivy-vol-06-a-death-in-marshview-tp
260908,9781799502678,Cheap Graphic Novels,ABSOLUTE BATMAN DARK VICTORY HC 2025 ED,59.99,https://cheapgraphicnovels.com/absolute-batman-dark-victory-hc-2025-ed
260908,9781799502883,Cheap Graphic Novels,BATMAN THE LONG HALLOWEEN TP DC COMPACT COMICS EDITION,7.99,https://cheapgraphicnovels.com/batman-the-long-halloween-tp-dc-compact-comics-edition
260908,9781799503026,Cheap Graphic Novels,DC FINEST THE FLASH THE FASTEST MAN DEAD TP,23.99,https://cheapgraphicnovels.com/dc-finest-the-flash-the-fastest-man-dead-tp
260908,9781799503033,Cheap Graphic Novels,HARLEY QUINN WILD AT HEART TP DC COMPACT COMICS EDITION,7.99,https://cheapgraphicnovels.com/harley-quinn-wild-at-heart-tp-dc-compact-comics-edition
260908,9781799503064,Cheap Graphic Novels,TEEN TITANS TOGETHER TP REG ED,11.89,https://cheapgraphicnovels.com/teen-titans-together-tp-reg-ed
260908,9781799503125,Cheap Graphic Novels,WONDER WOMAN (2023) VOL 04 THE ISLAND OF MICE AND MEN TP,12.99,https://cheapgraphicnovels.com/wonder-woman-2023-vol-04-the-island-of-mice-and-men-tp
260908,9781799503132,Cheap Graphic Novels,V FOR VENDETTA TP DC COMPACT COMICS EDITION,7.99,https://cheapgraphicnovels.com/v-for-vendetta-tp-dc-compact-comics-edition
260908,9781799503170,Cheap Graphic Novels,ELSEWORLDS JUSTICE LEAGUE OMNIBUS VOL 01 HC,89.99,https://cheapgraphicnovels.com/elseworlds-justice-league-omnibus-vol-01-hc
260908,9781799503262,Cheap Graphic Novels,DC FINEST GREEN LANTERN EARTH'S OTHER GREEN LANTERN TP,23.99,https://cheapgraphicnovels.com/dc-finest-green-lantern-earth-s-other-green-lantern-tp
260908,9781799503361,Cheap Graphic Novels,DC FINEST WONDER WOMAN INTRODUCING WONDER WOMAN TP,23.99,https://cheapgraphicnovels.com/dc-finest-wonder-woman-introducing-wonder-woman-tp
260908,9781799505198,Cheap Graphic Novels,ABSOLUTE FLASH VOL 01 OF TWO WORLDS TP,12.59,https://cheapgraphicnovels.com/absolute-flash-vol-01-of-two-worlds-tp
260908,9781799505211,Cheap Graphic Novels,ABSOLUTE MARTIAN MANHUNTER VOL 01 MARTIAN VISION TP,12.59,https://cheapgraphicnovels.com/absolute-martian-manhunter-vol-01-martian-vision-tp
260908,9781799505235,Cheap Graphic Novels,SUPERMAN ACTION COMICS (2025) VOL 01 BOY OF STEEL TP,12.99,https://cheapgraphicnovels.com/superman-action-comics-2025-vol-01-boy-of-steel-tp
260908,9781799505242,Cheap Graphic Novels,ABSOLUTE BATMAN VOL 01 THE ZOO HC,14.99,https://cheapgraphicnovels.com/absolute-batman-vol-01-the-zoo-hc
260908,9781799505259,Cheap Graphic Novels,ABSOLUTE BATMAN VOL 01 THE ZOO TP,12.59,https://cheapgraphicnovels.com/absolute-batman-vol-01-the-zoo-tp
260908,9781799505297,Cheap Graphic Novels,ABSOLUTE WONDER WOMAN VOL 01 THE LAST AMAZON HC,14.99,https://cheapgraphicnovels.com/absolute-wonder-woman-vol-01-the-last-amazon-hc
260908,9781799505303,Cheap Graphic Novels,ABSOLUTE WONDER WOMAN VOL 01 THE LAST AMAZON TP,12.59,https://cheapgraphicnovels.com/absolute-wonder-woman-vol-01-the-last-amazon-tp
260908,9781799505334,Cheap Graphic Novels,ABSOLUTE SUPERMAN VOL 01 LAST DUST OF KRYPTON TP,12.59,https://cheapgraphicnovels.com/absolute-superman-vol-01-last-dust-of-krypton-tp
260908,9781799505341,Cheap Graphic Novels,BATGIRL (2024) VOL 01 MOTHER TP,12.59,https://cheapgraphicnovels.com/batgirl-2024-vol-01-mother-tp
260908,9781799505501,Cheap Graphic Novels,ZATANNA IT'S SHOWTIME TP,12.59,https://cheapgraphicnovels.com/zatanna-it-s-showtime-tp
260908,9781799505556,Cheap Graphic Novels,ABSOLUTE GREEN LANTERN VOL 01 WITHOUT FEAR TP,12.59,https://cheapgraphicnovels.com/absolute-green-lantern-vol-01-without-fear-tp
260908,9781799505662,Cheap Graphic Novels,BATMAN THE BAT-MAN SECOND KNIGHT HC,14.99,https://cheapgraphicnovels.com/batman-the-bat-man-second-knight-hc
260908,9781799505686,Cheap Graphic Novels,DC X SONIC THE HEDGEHOG TP,12.59,https://cheapgraphicnovels.com/dc-x-sonic-the-hedgehog-tp
260908,9781799505860,Cheap Graphic Novels,BATMAN / STATIC BEYOND TP,12.99,https://cheapgraphicnovels.com/batman-static-beyond-tp
260908,9781799505945,Cheap Graphic Novels,BATMAN AND ROBIN YEAR ONE TP,17.99,https://cheapgraphicnovels.com/batman-and-robin-year-one-tp
260908,9781799506089,Cheap Graphic Novels,BATGIRL (2024) VOL 02 BLOODLINES TP,12.59,https://cheapgraphicnovels.com/batgirl-2024-vol-02-bloodlines-tp
260908,9781799506171,Cheap Graphic Novels,SUPERGIRL (2025) VOL 01 MISADVENTURES IN MIDVALE TP,12.59,https://cheapgraphicnovels.com/supergirl-2025-vol-01-misadventures-in-midvale-tp
260908,9781799506218,Cheap Graphic Novels,SUPERMAN THE KRYPTONITE SPECTRUM HC,17.99,https://cheapgraphicnovels.com/superman-the-kryptonite-spectrum-hc
260908,9781799506386,Cheap Graphic Novels,MR TERRIFIC YEAR ONE TP,12.59,https://cheapgraphicnovels.com/mr-terrific-year-one-tp
260908,9781799506652,Cheap Graphic Novels,BATMAN GOTHAM BY GASLIGHT TP DC COMPACT COMICS EDITION,7.99,https://cheapgraphicnovels.com/batman-gotham-by-gaslight-tp-dc-compact-comics-edition
260908,9781799506904,Cheap Graphic Novels,SUPERGIRL WOMAN OF TOMORROW TP DC COMPACT COMICS EDITION,7.99,https://cheapgraphicnovels.com/supergirl-woman-of-tomorrow-tp-dc-compact-comics-edition
260908,9781799506997,Cheap Graphic Novels,BATMAN ARKHAM ASYLUM TP DC COMPACT COMICS EDITION,7.99,https://cheapgraphicnovels.com/batman-arkham-asylum-tp-dc-compact-comics-edition
260908,9781799507413,Cheap Graphic Novels,BATMAN WHITE KNIGHT TP DC COMPACT COMICS EDITION,7.99,https://cheapgraphicnovels.com/batman-white-knight-tp-dc-compact-comics-edition
260908,9781799507444,Cheap Graphic Novels,DC FINEST WONDER WOMAN ENTER THE CHEETAH TP,23.99,https://cheapgraphicnovels.com/dc-finest-wonder-woman-enter-the-cheetah-tp
260908,9781799507505,Cheap Graphic Novels,ABSOLUTE BATMAN VOL 02 ABOMINATION HC,17.99,https://cheapgraphicnovels.com/absolute-batman-vol-02-abomination-hc
260908,9781799507512,Cheap Graphic Novels,ABSOLUTE BATMAN VOL 02 ABOMINATION TP,12.99,https://cheapgraphicnovels.com/absolute-batman-vol-02-abomination-tp
260908,9781799507529,Cheap Graphic Novels,ABSOLUTE SUPERMAN VOL 02 SON OF THE DEMON TP,12.99,https://cheapgraphicnovels.com/absolute-superman-vol-02-son-of-the-demon-tp
260908,9781799507536,Cheap Graphic Novels,ABSOLUTE WONDER WOMAN VOL 02 AS MY MOTHERS MADE ME HC,17.99,https://cheapgraphicnovels.com/absolute-wonder-woman-vol-02-as-my-mothers-made-me-hc
260908,9781799507543,Cheap Graphic Novels,ABSOLUTE WONDER WOMAN VOL 02 AS MY MOTHERS MADE ME TP,12.99,https://cheapgraphicnovels.com/absolute-wonder-woman-vol-02-as-my-mothers-made-me-tp
260908,9781799507642,Cheap Graphic Novels,JOHN CONSTANTINE HELLBLAZER BY PAUL JENKINS AND SEAN PHILLIPS OMNIBUS HC,89.99,https://cheapgraphicnovels.com/john-constantine-hellblazer-by-paul-jenkins-and-sean-phillips-omnibus-hc
260908,9781799507697,Cheap Graphic Novels,FLASH REBIRTH TP DC COMPACT COMICS EDITION,7.99,https://cheapgraphicnovels.com/flash-rebirth-tp-dc-compact-comics-edition
260908,9781799507703,Cheap Graphic Novels,NIGHTWING LEAPING INTO THE LIGHT TP DC COMPACT COMICS EDITION,7.99,https://cheapgraphicnovels.com/nightwing-leaping-into-the-light-tp-dc-compact-comics-edition
260908,9781799507710,Cheap Graphic Novels,DC FINEST DEADMAN HOW MANY TIMES CAN A GUY DIE? TP,23.99,https://cheapgraphicnovels.com/dc-finest-deadman-how-many-times-can-a-guy-die-tp
260908,9781799507734,Cheap Graphic Novels,DC FINEST JUSTICE LEAGUE OF AMERICA STARRO THE CONQUEROR TP,23.99,https://cheapgraphicnovels.com/dc-finest-justice-league-of-america-starro-the-conqueror-tp
260908,9781799507864,Cheap Graphic Novels,BATMAN THE DARK KNIGHT RETURNS TP DC COMPACT COMICS EDITION,7.99,https://cheapgraphicnovels.com/batman-the-dark-knight-returns-tp-dc-compact-comics-edition
260908,9781799507932,Cheap Graphic Novels,JLA (1996) BOOK 03 TP,23.99,https://cheapgraphicnovels.com/jla-1996-book-03-tp
260908,9781799508007,Cheap Graphic Novels,GREEN ARROW (2011) BY JEFF LEMIRE AND ANDREA SORRENTINO THE DELUXE EDITION HC 2026 ED,29.99,https://cheapgraphicnovels.com/green-arrow-2011-by-jeff-lemire-and-andrea-sorrentino-the-deluxe-edition-hc-2026-ed
260908,9781799508038,Cheap Graphic Novels,BATMAN URBAN LEGENDS OMNIBUS VOL 01 HC,59.99,https://cheapgraphicnovels.com/batman-urban-legends-omnibus-vol-01-hc
260908,9781799508045,Cheap Graphic Novels,ZATANNA BY PAUL DINI OMNIBUS HC (NICK AND DENT),49.99,https://cheapgraphicnovels.com/zatanna-by-paul-dini-omnibus-hc-nick-and-dent-
260908,9781799508076,Cheap Graphic Novels,GOTHAM CENTRAL TP DC COMPACT COMICS EDITION,7.99,https://cheapgraphicnovels.com/gotham-central-tp-dc-compact-comics-edition
260908,9781799508083,Cheap Graphic Novels,GREEN ARROW YEAR ONE TP DC COMPACT COMICS EDITION,7.99,https://cheapgraphicnovels.com/green-arrow-year-one-tp-dc-compact-comics-edition
260908,9781799508113,Cheap Graphic Novels,DC FINEST WONDER WOMAN DAWN BEFORE DARKNESS TP,23.99,https://cheapgraphicnovels.com/dc-finest-wonder-woman-dawn-before-darkness-tp
260908,9781799508151,Cheap Graphic Novels,ROBIN YEAR ONE TP 2026 ED,12.99,https://cheapgraphicnovels.com/robin-year-one-tp-2026-ed
260908,9781799508168,Cheap Graphic Novels,GREEN LANTERN CORPS (2025) VOL 02 LANTERNS UNITED TP,12.59,https://cheapgraphicnovels.com/green-lantern-corps-2025-vol-02-lanterns-united-tp
260908,9781799508212,Cheap Graphic Novels,BATMAN UNDER THE RED HOOD TP DC COMPACT COMICS EDITION,7.99,https://cheapgraphicnovels.com/batman-under-the-red-hood-tp-dc-compact-comics-edition
260908,9781799508236,Cheap Graphic Novels,BATMAN DETECTIVE COMICS (2011) THE NEW 52 OMNIBUS VOL 02 HC,89.99,https://cheapgraphicnovels.com/batman-detective-comics-2011-the-new-52-omnibus-vol-02-hc
260908,9781799508281,Cheap Graphic Novels,SUPERMAN RED SON TP DC COMPACT COMICS EDITION,7.99,https://cheapgraphicnovels.com/superman-red-son-tp-dc-compact-comics-edition
260908,9781799508298,Cheap Graphic Novels,DC FINEST ROBIN THE ORIGIN OF ROBIN TP,23.99,https://cheapgraphicnovels.com/dc-finest-robin-the-origin-of-robin-tp
260908,9781799508342,Cheap Graphic Novels,SUPERMAN ADVENTURES COMPENDIUM VOL 02 TP,35.99,https://cheapgraphicnovels.com/superman-adventures-compendium-vol-02-tp
260908,9781799508502,Cheap Graphic Novels,NIGHTWING (2021) BY TOM TAYLOR AND BRUNO REDONDO OMNIBUS VOL 02 HC,59.99,https://cheapgraphicnovels.com/nightwing-2021-by-tom-taylor-and-bruno-redondo-omnibus-vol-02-hc
260908,9781799508519,Cheap Graphic Novels,WONDER WOMAN BY GEORGE PEREZ OMNIBUS VOL 02 HC 2026 ED,44.99,https://cheapgraphicnovels.com/wonder-woman-by-george-perez-omnibus-vol-02-hc-2026-ed
260908,9781799508557,Cheap Graphic Novels,BATGIRL OF BURNSIDE TP DC COMPACT COMICS EDITION,7.99,https://cheapgraphicnovels.com/batgirl-of-burnside-tp-dc-compact-comics-edition
260908,9781799508564,Cheap Graphic Novels,INJUSTICE GODS AMONG US YEAR ONE TP DC COMPACT COMICS EDITION,7.99,https://cheapgraphicnovels.com/injustice-gods-among-us-year-one-tp-dc-compact-comics-edition
260908,9781799508649,Cheap Graphic Novels,BATMAN / SUPERMAN WORLD'S FINEST VOL 09 THE MERGER TP,12.99,https://cheapgraphicnovels.com/batman-superman-world-s-finest-vol-09-the-merger-tp
260908,9781799508663,Cheap Graphic Novels,NIGHTWING (2024) VOL 03 THE CIRQUE DU SIN TP,12.59,https://cheapgraphicnovels.com/nightwing-2024-vol-03-the-cirque-du-sin-tp
260908,9781799508687,Cheap Graphic Novels,POISON IVY VOL 07 AMUSE-BOUCHE TP,12.99,https://cheapgraphicnovels.com/poison-ivy-vol-07-amuse-bouche-tp
260908,9781799508694,Cheap Graphic Novels,SUPERMAN (2023) VOL 06 DC K.O. TP,12.59,https://cheapgraphicnovels.com/superman-2023-vol-06-dc-k-o-tp
260908,9781799508731,Cheap Graphic Novels,TEEN TITANS THE NEW TITANS OMNIBUS VOL 01 HC,74.99,https://cheapgraphicnovels.com/teen-titans-the-new-titans-omnibus-vol-01-hc
260908,9781799508755,Cheap Graphic Novels,BATWOMAN OMNIBUS HC 2026 ED (PRE-ORDER),74.99,https://cheapgraphicnovels.com/batwoman-omnibus-hc-2026-ed-pre-order-
260908,9781799508793,Cheap Graphic Novels,BATMAN AND SON TP DC COMPACT COMICS EDITION,7.99,https://cheapgraphicnovels.com/batman-and-son-tp-dc-compact-comics-edition
260908,9781799508809,Cheap Graphic Novels,DARK NIGHTS METAL TP DC COMPACT COMICS EDITION,7.99,https://cheapgraphicnovels.com/dark-nights-metal-tp-dc-compact-comics-edition
260908,9781799508830,Cheap Graphic Novels,DC FINEST JUSTICE LEAGUE OF AMERICA CRISIS ON EARTH-X TP,23.99,https://cheapgraphicnovels.com/dc-finest-justice-league-of-america-crisis-on-earth-x-tp
260908,9781799508861,Cheap Graphic Novels,BATMAN (2016) BY TOM KING BOOK 03 TP,23.99,https://cheapgraphicnovels.com/batman-2016-by-tom-king-book-03-tp
260908,9781799508892,Cheap Graphic Novels,JSA (2024) VOL 03 YEAR ONE TP,12.59,https://cheapgraphicnovels.com/jsa-2024-vol-03-year-one-tp
260908,9781799508915,Cheap Graphic Novels,ABSOLUTE BATMAN VOL 03 DEVIL'S WORKSHOP TP,12.99,https://cheapgraphicnovels.com/absolute-batman-vol-03-devil-s-workshop-tp
260908,9781799508960,Cheap Graphic Novels,BATGIRL (2024) VOL 03 THE WAR OF SHADOWS TP,12.59,https://cheapgraphicnovels.com/batgirl-2024-vol-03-the-war-of-shadows-tp
260908,9781799509035,Cheap Graphic Novels,ABSOLUTE GREEN LANTERN REBIRTH HC 2026 ED (PRE-ORDER),59.99,https://cheapgraphicnovels.com/absolute-green-lantern-rebirth-hc-2026-ed-pre-order-
260908,9781799509066,Cheap Graphic Novels,BATMAN DETECTIVE COMICS (2022) BY RAM V OMNIBUS HC (PRE-ORDER),89.99,https://cheapgraphicnovels.com/batman-detective-comics-2022-by-ram-v-omnibus-hc-pre-order-
260908,9781799509073,Cheap Graphic Novels,WONDER WOMAN (2016) REBIRTH BY GREG RUCKA OMNIBUS HC,59.99,https://cheapgraphicnovels.com/wonder-woman-2016-rebirth-by-greg-rucka-omnibus-hc
260908,9781799509097,Cheap Graphic Novels,ABSOLUTE POWER OMNIBUS HC (PRE-ORDER),89.99,https://cheapgraphicnovels.com/absolute-power-omnibus-hc-pre-order-
260908,9781799509110,Cheap Graphic Novels,FABLES NO MORE HAPPILY EVER AFTER TP DC COMPACT COMICS EDITION,7.99,https://cheapgraphicnovels.com/fables-no-more-happily-ever-after-tp-dc-compact-comics-edition
260908,9781799509172,Cheap Graphic Novels,BATMAN BY GRANT MORRISON BOOK 03 TP (PRE-ORDER),23.99,https://cheapgraphicnovels.com/batman-by-grant-morrison-book-03-tp-pre-order-
260908,9781799509295,Cheap Graphic Novels,SWAMP THING THE ANATOMY LESSON TP DC COMPACT COMICS EDITION,7.99,https://cheapgraphicnovels.com/swamp-thing-the-anatomy-lesson-tp-dc-compact-comics-edition
260908,9781799509301,Cheap Graphic Novels,BATMAN HARLEY AND IVY TP DC COMPACT COMICS EDITION,7.99,https://cheapgraphicnovels.com/batman-harley-and-ivy-tp-dc-compact-comics-edition
260908,9781799509387,Cheap Graphic Novels,GREEN LANTERN (2023) VOL 06 WITH THIS RING TP,12.59,https://cheapgraphicnovels.com/green-lantern-2023-vol-06-with-this-ring-tp
260908,9781799509509,Cheap Graphic Novels,HARLEY AND IVY LIFE AND CRIMES TP,12.59,https://cheapgraphicnovels.com/harley-and-ivy-life-and-crimes-tp
260908,9781799510277,Cheap Graphic Novels,DC FINEST GREEN LANTERN HARD-TRAVELING HEROES TP,23.99,https://cheapgraphicnovels.com/dc-finest-green-lantern-hard-traveling-heroes-tp
260908,9781799510291,Cheap Graphic Novels,DC FINEST GREEN LANTERN SETTING UP SHOP TP (PRE-ORDER),23.99,https://cheapgraphicnovels.com/dc-finest-green-lantern-setting-up-shop-tp-pre-order-
260908,9781799510307,Cheap Graphic Novels,DC FINEST BATMAN THE DEMON LIVES AGAIN TP (PRE-ORDER),23.99,https://cheapgraphicnovels.com/dc-finest-batman-the-demon-lives-again-tp-pre-order-
260908,9781799510857,Cheap Graphic Novels,DC K.O. TP,12.99,https://cheapgraphicnovels.com/dc-k-o-tp
260908,9781799510888,Cheap Graphic Novels,ABSOLUTE MARTIAN MANHUNTER VOL 02 THE AGENCY TP,12.59,https://cheapgraphicnovels.com/absolute-martian-manhunter-vol-02-the-agency-tp
260908,9781799512967,Cheap Graphic Novels,DC K.O. ALL FIGHT TP,12.99,https://cheapgraphicnovels.com/dc-k-o-all-fight-tp
260908,9781799513162,Cheap Graphic Novels,DC FINEST BATMAN BLIND JUSTICE TP,23.99,https://cheapgraphicnovels.com/dc-finest-batman-blind-justice-tp
260908,9781799513605,Cheap Graphic Novels,DC FINEST SUPERGIRL DIE AND LET LIVE TP,23.99,https://cheapgraphicnovels.com/dc-finest-supergirl-die-and-let-live-tp
260908,9781799515487,Cheap Graphic Novels,DC K.O. BATTLE ROYALE TP,12.99,https://cheapgraphicnovels.com/dc-k-o-battle-royale-tp
260908,9781799517092,Cheap Graphic Novels,ABSOLUTE BATMAN VOL 01 THE ZOO HC DM LEE CVR,14.99,https://cheapgraphicnovels.com/absolute-batman-vol-01-the-zoo-hc-dm-lee-cvr
260908,9781799517726,Cheap Graphic Novels,GREEN LANTERN KYLE RAYNER VOL 01 TP 2026 ED,20.99,https://cheapgraphicnovels.com/green-lantern-kyle-rayner-vol-01-tp-2026-ed
260908,9781846532979,Cheap Graphic Novels,,,
260908,9785012256263,Cheap Graphic Novels,,,
260908,9798887241296,Cheap Graphic Novels,TEENAGE MUTANT NINJA TURTLES THE LAST RONIN II RE-EVOLUTION HC,24.49,https://cheapgraphicnovels.com/teenage-mutant-ninja-turtles-the-last-ronin-ii-re-evolution-hc
260908,9798887244631,Cheap Graphic Novels,TEENAGE MUTANT NINJA TURTLES THE LAST RONIN TP,13.99,https://cheapgraphicnovels.com/teenage-mutant-ninja-turtles-the-last-ronin-tp
260908,9798892155625,Cheap Graphic Novels,SOMETHING IS KILLING THE CHILDREN OMNIBUS VOL 01 TP,37.49,https://cheapgraphicnovels.com/something-is-killing-the-children-omnibus-vol-01-tp
260908,9798892156387,Cheap Graphic Novels,BRZRKR BOOK 01 TP,29.99,https://cheapgraphicnovels.com/brzrkr-book-01-tp
260908,9798892158763,Cheap Graphic Novels,SOMETHING IS KILLING THE CHILDREN OMNIBUS VOL 02 TP,37.49,https://cheapgraphicnovels.com/something-is-killing-the-children-omnibus-vol-02-tp
260908,9780062964083,Barnes & Noble,Infinitum: An Afrofuturist Tale,27.99,https://www.barnesandnoble.com/w/infinitum-tim-fielder/1137403783
260908,9780394747231,Barnes & Noble,Maus I: A Survivor's Tale: My Father Bleeds History,18.0,https://www.barnesandnoble.com/w/maus-i-art-spiegelman/1101798806
260908,9780785108559,Barnes & Noble,,,
260908,9780785120124,Barnes & Noble,Hulk: Planet Hulk,34.99,https://www.barnesandnoble.com/w/hulk-greg-pak/1108149046
260908,9780785120469,Barnes & Noble,,,
260908,9780785121794,Barnes & Noble,Civil War,24.99,https://www.barnesandnoble.com/w/civil-war-mark-millar/1102007965
260908,9780785134503,Barnes & Noble,Spider-Man: Kraven's Last Hunt [New Printing],14.99,https://www.barnesandnoble.com/w/spider-man-jm-dematteis/1111561548
260908,9780785134794,Barnes & Noble,Daredevil: The Man Without Fear [New Printing],19.99,https://www.barnesandnoble.com/w/daredevil-frank-miller/1120075459
260908,9780785137245,Barnes & Noble,,,
260908,9780785142867,Barnes & Noble,,,
260908,9780785154624,Barnes & Noble,Miracleman Book 1: A Dream of Flying,29.99,https://www.barnesandnoble.com/w/miracleman-book-1-the-original-writer/1119440399
260908,9780785157267,Barnes & Noble,,,
260908,9780785167273,Barnes & Noble,,,
260908,9780785168508,Barnes & Noble,,,
260908,9780785170723,Barnes & Noble,Iron Man: Demon in a Bottle,15.99,https://www.barnesandnoble.com/w/iron-man-david-michelinie/1108149032
260908,9780785170938,Barnes & Noble,Secret Wars,19.99,https://www.barnesandnoble.com/w/secret-wars-jim-shooter/1118588208
260908,9780785178460,Barnes & Noble,Black Widow: The Name of the Rose,8.99,https://www.barnesandnoble.com/w/black-widow-marjorie-liu/1102303353
260908,9780785181934,Barnes & Noble,Wolverine & The X-Men by Jason Aaron Vol. 1,6.99,https://www.barnesandnoble.com/w/wolverine-the-x-men-by-jason-aaron-vol-1-jason-aaron/1112710872
260908,9780785182092,Barnes & Noble,Daredevil By Bendis And Maleev Ultimate Collection Volume 1,29.99,https://www.barnesandnoble.com/w/daredevil-by-bendis-and-maleev-ultimate-collection-volume-1-brian-michael-bendis/1120075576
260908,9780785184546,Barnes & Noble,,,
260908,9780785190219,Barnes & Noble,Ms. Marvel Vol. 1: No Normal,15.99,https://www.barnesandnoble.com/w/ms-marvel-vol-1-g-willow-wilson/1132065312
260908,9780785193647,Barnes & Noble,X-Men: Age of Apocalypse Vol. 1: Alpha,34.99,https://www.barnesandnoble.com/w/x-men-scott-lobdell/1123603276
260908,9780785194736,Barnes & Noble,Ultimate Invasion,24.99,https://www.barnesandnoble.com/w/ultimate-invasion-jonathan-hickman/1144129761
260908,9780785198956,Barnes & Noble,Secret Wars,34.99,https://www.barnesandnoble.com/w/secret-wars-jonathan-hickman/1123121657
260908,9780785199618,Barnes & Noble,Spider-Man: Miles Morales Vol. 1,15.99,https://www.barnesandnoble.com/w/spider-man-brian-michael-bendis/1123229868
260908,9781302377045,Barnes & Noble,Daredevil by Frank Miller & Klaus Janson Vol. 1,24.99,https://www.barnesandnoble.com/w/daredevil-by-frank-miller-klaus-janson-vol-1-frank-miller/1107144125
260908,9781302402228,Barnes & Noble,Ms. Marvel Vol. 1: No Normal,15.99,https://www.barnesandnoble.com/w/ms-marvel-vol-1-g-willow-wilson/1132065312
260908,9781302480998,Barnes & Noble,Venom by Rick Remender: The Complete Collection Vol. 1,24.99,https://www.barnesandnoble.com/w/venom-by-rick-remender-rick-remender/1122196641
260908,9781302488673,Barnes & Noble,The Ultimates: Omniversal Vol. 1: Start with the Impossible,17.99,https://www.barnesandnoble.com/w/the-ultimates-al-ewing/1123168865
260908,9781302494926,Barnes & Noble,Nighthawk: Hate Makes Hate,10.99,https://www.barnesandnoble.com/w/nighthawk-david-walker/1124296500
260908,9781302513603,Barnes & Noble,,,
260908,9781302515072,Barnes & Noble,New Mutants Epic Collection: The Demon Bear Saga,19.99,https://www.barnesandnoble.com/w/new-mutants-epic-collection-marvel-comics/1129856915
260908,9781302515492,Barnes & Noble,,,
260908,9781302517946,Barnes & Noble,,,
260908,9781302517960,Barnes & Noble,,,
260908,9781302900533,Barnes & Noble,"Black Panther: A Nation Under Our Feet, Book 1",16.99,https://www.barnesandnoble.com/w/black-panther-ta-nehisi-coates/1123533046
260908,9781302901905,Barnes & Noble,BLACK PANTHER EPIC COLLECTION: PANTHER'S RAGE,34.99,https://www.barnesandnoble.com/w/black-panther-epic-collection-don-mcgregor/1123577095
260908,9781302901967,Barnes & Noble,,,
260908,9781302907693,Barnes & Noble,,,
260908,9781302911386,Barnes & Noble,,,
260908,9781302912123,Barnes & Noble,X-Men: Dark Phoenix Saga Omnibus,100.0,https://www.barnesandnoble.com/w/x-men-chris-claremont/1127587727
260908,9781302912550,Barnes & Noble,Immortal Hulk Vol. 1: Or Is He Both?,15.99,https://www.barnesandnoble.com/w/immortal-hulk-vol-1-al-ewing/1128756018
260908,9781302913274,Barnes & Noble,,,
260908,9781302913281,Barnes & Noble,,,
260908,9781302914981,Barnes & Noble,Daredevil By Chip Zdarsky Vol. 1: Know Fear,15.99,https://www.barnesandnoble.com/w/daredevil-by-chip-zdarsky-vol-1-chip-zdarsky/1132304296
260908,9781302914998,Barnes & Noble,"Daredevil By Chip Zdarsky Vol. 2: No Devils, Only God",15.99,https://www.barnesandnoble.com/w/daredevil-by-chip-zdarsky-vol-2-chip-zdarsky/1132830372
260908,9781302915469,Barnes & Noble,,,
260908,9781302915704,Barnes & Noble,,,
260908,9781302917333,Barnes & Noble,Spider-Man: Life Story,24.99,https://www.barnesandnoble.com/w/spider-man-chip-zdarsky/1130782653
260908,9781302923730,Barnes & Noble,Spider-Man By Todd Mcfarlane: The Complete Collection,39.99,https://www.barnesandnoble.com/w/spider-man-by-todd-mcfarlane-todd-mcfarlane/1137571285
260908,9781302931872,Barnes & Noble,Ultimate Spider-Man Omnibus Vol. 1 [New Printing],125.0,https://www.barnesandnoble.com/w/ultimate-spider-man-omnibus-vol-1-new-printing-brian-michael-bendis/1139182581
260908,9781302933630,Barnes & Noble,Moon Knight by Lemire & Smallwood: The Complete Collection,34.99,https://www.barnesandnoble.com/w/moon-knight-by-lemire-smallwood-jeff-lemire/1139848367
260908,9781302944285,Barnes & Noble,X-Men Red By Al Ewing Vol. 1,8.99,https://www.barnesandnoble.com/w/x-men-red-by-al-ewing-vol-1-al-ewing/1141042860
260908,9781302945633,Barnes & Noble,,,
260908,9781302945947,Barnes & Noble,,,
260908,9781302947729,Barnes & Noble,,,
260908,9781302950330,Barnes & Noble,Amazing Spider-Man Epic Collection: Kraven's Last Hunt [New Printing],44.99,https://www.barnesandnoble.com/w/amazing-spider-man-epic-collection-jm-dematteis/1146146367
260908,9781302950507,Barnes & Noble,X-Men Epic Collection: The Fate Of The Phoenix [New Printing],44.99,https://www.barnesandnoble.com/w/x-men-epic-collection-chris-claremont/1142563496
260908,9781302952747,Barnes & Noble,Civil War II [New Printing],34.99,https://www.barnesandnoble.com/w/civil-war-ii-new-printing-brian-michael-bendis/1123502544
260908,9781302954161,Barnes & Noble,Incredible Hulk Vol. 1: Age Of Monsters,19.99,https://www.barnesandnoble.com/w/incredible-hulk-vol-1-phillip-kennedy-johnson/1143935689
260908,9781302955236,Barnes & Noble,Avengers Epic Collection: The Evil Reborn,49.99,https://www.barnesandnoble.com/w/avengers-epic-collection-david-michelinie/1144483433
260908,9781302955595,Barnes & Noble,"X-Men Epic Collection: God Loves, Man Kills",44.99,https://www.barnesandnoble.com/w/x-men-epic-collection-chris-claremont/1145189640
260908,9781302956219,Barnes & Noble,Daredevil By Chip Zdarsky Omnibus Vol. 1 Tedesco Cover,100.0,https://www.barnesandnoble.com/w/daredevil-by-chip-zdarsky-omnibus-vol-1-tedesco-cover-chip-zdarsky/1146056357
260908,9781302957292,Barnes & Noble,Ultimate Spider-Man By Jonathan Hickman Vol. 1: Married With Children,19.99,https://www.barnesandnoble.com/w/ultimate-spider-man-by-jonathan-hickman-vol-1-jonathan-hickman/1144941753
260908,9781302957308,Barnes & Noble,Ultimate Black Panther By Bryan Hill Vol. 1: Peace And War,19.99,https://www.barnesandnoble.com/w/ultimate-black-panther-by-bryan-hill-vol-1-bryan-hill/1145997036
260908,9781302957513,Barnes & Noble,Ultimates By Deniz Camp Vol. 1: Fix The World,24.99,https://www.barnesandnoble.com/w/ultimates-by-deniz-camp-vol-1-deniz-camp/1145997016
260908,9781302957810,Barnes & Noble,Amazing Spider-Man Epic Collection: The Secret Of The Petrified Tablet [New Printing],44.99,https://www.barnesandnoble.com/w/amazing-spider-man-epic-collection-stan-lee/1132934194
260908,9781302957834,Barnes & Noble,X-Men Epic Collection: Children Of The Atom [New Printing 2],49.99,https://www.barnesandnoble.com/w/x-men-epic-collection-stan-lee/1121488860
260908,9781302957902,Barnes & Noble,Amazing Spider-Man Epic Collection: Assassin Nation [New Printing],44.99,https://www.barnesandnoble.com/w/amazing-spider-man-epic-collection-david-michelinie/1129825055
260908,9781302957964,Barnes & Noble,New X-Men Modern Era Epic Collection: E Is For Extinction,44.99,https://www.barnesandnoble.com/w/new-x-men-modern-era-epic-collection-grant-morrison/1144714435
260908,9781302958190,Barnes & Noble,Ultimates By Deniz Camp Vol. 3: Rescue Mission,19.99,https://www.barnesandnoble.com/w/ultimates-by-deniz-camp-vol-3-deniz-camp/1147744419
260908,9781302958206,Barnes & Noble,Ultimates By Deniz Camp Vol. 4: Uprising,19.99,https://www.barnesandnoble.com/w/ultimates-by-deniz-camp-vol-4-deniz-camp/1149551430
260908,9781302958237,Barnes & Noble,Ultimate Black Panther By Bryan Hill Vol. 2: Gods And Kings,17.99,https://www.barnesandnoble.com/w/ultimate-black-panther-by-bryan-hill-vol-2-bryan-hill/1146433834
260908,9781302958251,Barnes & Noble,Ultimate Black Panther By Bryan Hill Vol. 4: Destiny and Destruction,19.99,https://www.barnesandnoble.com/w/ultimate-black-panther-by-bryan-hill-vol-4-bryan-hill/1148691602
260908,9781302958282,Barnes & Noble,Ultimate Spider-Man By Jonathan Hickman Vol. 2: The Paper,19.99,https://www.barnesandnoble.com/w/ultimate-spider-man-by-jonathan-hickman-vol-2-jonathan-hickman/1146280916
260908,9781302958299,Barnes & Noble,Ultimate Spider-Man By Jonathan Hickman Vol. 3: Family Business,19.99,https://www.barnesandnoble.com/w/ultimate-spider-man-by-jonathan-hickman-vol-3-jonathan-hickman/1147119968
260908,9781302958305,Barnes & Noble,Ultimate Spider-Man By Jonathan Hickman Vol. 4: One Last Day,19.99,https://www.barnesandnoble.com/w/ultimate-spider-man-by-jonathan-hickman-vol-4-jonathan-hickman/1148793872
260908,9781302958336,Barnes & Noble,Ultimate X-Men By Peach Momoko Vol. 2: Children Of The Atom,19.99,https://www.barnesandnoble.com/w/ultimate-x-men-by-peach-momoko-vol-2-peach-momoko/1146433827
260908,9781302958343,Barnes & Noble,Ultimate X-Men By Peach Momoko Vol. 3: The Realm Of The Mind,19.99,https://www.barnesandnoble.com/w/ultimate-x-men-by-peach-momoko-vol-3-peach-momoko/1147275668
260908,9781302958350,Barnes & Noble,Ultimate X-Men By Peach Momoko Vol. 4: Children's Whereabouts,19.99,https://www.barnesandnoble.com/w/ultimate-x-men-by-peach-momoko-vol-4-peach-momoko/1148946852
260908,9781302960490,Barnes & Noble,Amazing Spider-Man Epic Collection: Spider-Man - Threat Or Menace?,54.99,https://www.barnesandnoble.com/w/amazing-spider-man-epic-collection-dennis-oneill/1147241928
260908,9781302960513,Barnes & Noble,Blade Epic Collection: His Name Is...Blade,54.99,https://www.barnesandnoble.com/w/blade-epic-collection-marv-wolfman/1149136987
260908,9781302960889,Barnes & Noble,X-Men By Jed Mackay Vol. 4: Age Of Revelation Aftermath,15.99,https://www.barnesandnoble.com/w/x-men-by-jed-mackay-vol-4-jed-mackay/1149551404
260908,9781302962005,Barnes & Noble,Jeph Loeb & Tim Sale: Spider-Man,19.99,https://www.barnesandnoble.com/w/jeph-loeb-tim-sale-jeph-loeb/1146280967
260908,9781302962012,Barnes & Noble,Jeph Loeb & Tim Sale: Daredevil,19.99,https://www.barnesandnoble.com/w/jeph-loeb-tim-sale-jeph-loeb/1146152953
260908,9781302962029,Barnes & Noble,Jeph Loeb & Tim Sale: Hulk,19.99,https://www.barnesandnoble.com/w/jeph-loeb-tim-sale-jeph-loeb/1147119974
260908,9781302962036,Barnes & Noble,Jeph Loeb & Tim Sale: Captain America,19.99,https://www.barnesandnoble.com/w/jeph-loeb-tim-sale-jeph-loeb/1147164125
260908,9781302962050,Barnes & Noble,Ultimate Wolverine Vol. 1: The Winter Soldier,19.99,https://www.barnesandnoble.com/w/ultimate-wolverine-vol-1-christopher-condon/1146996061
260908,9781302962067,Barnes & Noble,Ultimate Wolverine Vol. 2: Logan,19.99,https://www.barnesandnoble.com/w/ultimate-wolverine-vol-2-chris-condon/1148067109
260908,9781302963002,Barnes & Noble,Ultimate Spider-Man Epic Collection: Learning Curve,39.99,https://www.barnesandnoble.com/w/ultimate-spider-man-epic-collection-brian-michael-bendis/1146152924
260908,9781302964023,Barnes & Noble,New Avengers Vol. 2: The Other Woman,15.99,https://www.barnesandnoble.com/w/new-avengers-vol-2-sam-humphries/1149551377
260908,9781302964726,Barnes & Noble,,,
260908,9781302964818,Barnes & Noble,,,
260908,9781302964863,Barnes & Noble,Captain America: The Winter Soldier [Marvel Premier Collection],14.99,https://www.barnesandnoble.com/w/captain-america-ed-brubaker/1146433808
260908,9781302964870,Barnes & Noble,Fantastic Four: Solve Everything [Marvel Premier Collection],14.99,https://www.barnesandnoble.com/w/fantastic-four-jonathan-hickman/1146433830
260908,9781302965402,Barnes & Noble,Amazing Spider-Man Modern Era Epic Collection: The Life And Death Of Spiders,49.99,https://www.barnesandnoble.com/w/amazing-spider-man-modern-era-epic-collection-j-michael-straczynski/1147241955
260908,9781302965549,Barnes & Noble,Civil War [Marvel Premier Collection],14.99,https://www.barnesandnoble.com/w/civil-war-marvel-premier-collection-mark-millar/1102007965
260908,9781302965556,Barnes & Noble,Hawkeye: My Life As A Weapon [Marvel Premier Collection],14.99,https://www.barnesandnoble.com/w/hawkeye-matt-fraction/1147066379
260908,9781302965563,Barnes & Noble,Spider-Men: Worlds Collide [Marvel Premier Collection],14.99,https://www.barnesandnoble.com/w/spider-men-brian-michael-bendis/1139182582
260908,9781302965570,Barnes & Noble,The Visions [Marvel Premier Collection],14.99,https://www.barnesandnoble.com/w/the-visions-marvel-premier-collection-tom-king/1147939760
260908,9781302965587,Barnes & Noble,Wolverine: Old Man Logan [Marvel Premier Collection],14.99,https://www.barnesandnoble.com/w/wolverine-mark-millar/1101911897
260908,9781302965983,Barnes & Noble,Daredevil: Born Again [Marvel Premier Collection],14.99,https://www.barnesandnoble.com/w/daredevil-frank-miller/1119895857
260908,9781302966638,Barnes & Noble,Amazing Spider-Man By Zeb Wells Omnibus Vol. 2 John Romita Jr. Cover,125.0,https://www.barnesandnoble.com/w/amazing-spider-man-by-zeb-wells-omnibus-vol-2-john-romita-jr-cover-zeb-wells/1149021373
260908,9781302966690,Barnes & Noble,Avengers: Time Runs Out [Marvel Premier Collection],14.99,https://www.barnesandnoble.com/w/avengers-jonathan-hickman/1123028567
260908,9781302966737,Barnes & Noble,X-Men: The Messiah Trilogy Omnibus David Finch Cover,125.0,https://www.barnesandnoble.com/w/x-men-ed-brubaker/1148361745
260908,9781302967086,Barnes & Noble,Amazing Spider-Man Modern Era Epic Collection: Sins Past,49.99,https://www.barnesandnoble.com/w/amazing-spider-man-modern-era-epic-collection-j-michael-straczynski/1147924676
260908,9781302967109,Barnes & Noble,New X-Men Modern Era Epic Collection: Planet X,42.99,https://www.barnesandnoble.com/w/new-x-men-modern-era-epic-collection-grant-morrison/1148178090
260908,9781302967123,Barnes & Noble,Amazing Spider-Man Modern Era Epic Collection: Spider-Island,49.99,https://www.barnesandnoble.com/w/amazing-spider-man-modern-era-epic-collection-dan-slott/1149021386
260908,9781302967147,Barnes & Noble,Deadpool Modern Era Epic Collection: X X Baby,49.99,https://www.barnesandnoble.com/w/deadpool-modern-era-epic-collection-daniel-way/1148477326
260908,9781302967307,Barnes & Noble,Ultimate Endgame,19.99,https://www.barnesandnoble.com/w/ultimate-endgame-deniz-camp/1149150069
260908,9781302967826,Barnes & Noble,Punisher & Fury Max By Garth Ennis Omnibus Dave Johnson Cover,100.0,https://www.barnesandnoble.com/w/punisher-fury-max-by-garth-ennis-omnibus-dave-johnson-cover-garth-ennis/1148477314
260908,9781302967857,Barnes & Noble,Amazing Spider-Man Epic Collection: Spider-Man No More [New Printing 2],49.99,https://www.barnesandnoble.com/w/amazing-spider-man-epic-collection-stan-lee/1127238508
260908,9781302967888,Barnes & Noble,X-Men Epic Collection: The X-Cutioner's Song [New Printing],54.99,https://www.barnesandnoble.com/w/x-men-epic-collection-scott-lobdell/1141251551
260908,9781302967949,Barnes & Noble,Ultimate Spider-Man Epic Collection: Hunted,42.99,https://www.barnesandnoble.com/w/ultimate-spider-man-epic-collection-brian-michael-bendis/1147794369
260908,9781302968120,Barnes & Noble,Ultimate Wolverine Vol. 3: The Maker's Mark,15.99,https://www.barnesandnoble.com/w/ultimate-wolverine-vol-3-christopher-condon/1149551444
260908,9781302968168,Barnes & Noble,Infamous Iron Man: The Rise Of Doom,19.99,https://www.barnesandnoble.com/w/infamous-iron-man-brian-michael-bendis/1148535220
260908,9781302968342,Barnes & Noble,Daredevil: Back In Black,24.99,https://www.barnesandnoble.com/w/daredevil-charles-soule/1147744378
260908,9781302968359,Barnes & Noble,Daredevil: The Dark Art,24.99,https://www.barnesandnoble.com/w/daredevil-charles-soule/1147744414
260908,9781302968458,Barnes & Noble,Doctor Doom Epic Collection: Revolution In Latveria,54.99,https://www.barnesandnoble.com/w/doctor-doom-epic-collection-stan-lee/1148079571
260908,9781302968571,Barnes & Noble,,,
260908,9781302968632,Barnes & Noble,Wolverine: Not Dead Yet Omnibus Leinil Yu Cover,150.0,https://www.barnesandnoble.com/w/wolverine-erik-larsen/1148118251
260908,9781302968663,Barnes & Noble,Spider-Man: Brand New Day,9.99,https://www.barnesandnoble.com/w/spider-man-zeb-wells/1148366732
260908,9781302968830,Barnes & Noble,Daredevil By Nocenti & Romita Jr. Omnibus Vol. 2 John Romita Jr. Cover,125.0,https://www.barnesandnoble.com/w/daredevil-by-nocenti-romita-jr-omnibus-vol-2-john-romita-jr-cover-ann-nocenti/1148625116
260908,9781302968922,Barnes & Noble,Hulk: Smash Everything,17.99,https://www.barnesandnoble.com/w/hulk-ryan-north/1149150062
260908,9781302968939,Barnes & Noble,The Superior Foes Of Spider-Man,24.99,https://www.barnesandnoble.com/w/the-superior-foes-of-spider-man-nick-spencer/1148366693
260908,9781302969097,Barnes & Noble,Planet Hulk [Marvel Premier Collection],14.99,https://www.barnesandnoble.com/w/planet-hulk-marvel-premier-collection-greg-pak/1103277583
260908,9781302969325,Barnes & Noble,"Punisher: Welcome Back, Frank [Marvel Premier Collection]",14.99,https://www.barnesandnoble.com/w/punisher-garth-ennis/1113578360
260908,9781302969691,Barnes & Noble,Wolverine Epic Collection: Valley Of Death,54.99,https://www.barnesandnoble.com/w/wolverine-epic-collection-larry-hama/1149021380
260908,9781302969776,Barnes & Noble,Spider-Girl Modern Era Epic Collection: Comes The Carnage!,49.99,https://www.barnesandnoble.com/w/spider-girl-modern-era-epic-collection-tom-defalco/1149021385
260908,9781302969998,Barnes & Noble,,,
260908,9781302970024,Barnes & Noble,Miles Morales: Spider-Man Modern Era Epic Collection: Sitting In A Tree,49.99,https://www.barnesandnoble.com/w/miles-morales-brian-michael-bendis/1149021383
260908,9781302970291,Barnes & Noble,Avengers: Secret Wars [Marvel Premier Collection],14.99,https://www.barnesandnoble.com/w/avengers-jonathan-hickman/1149880314
260908,9781302970567,Barnes & Noble,X-Men: Yesterday's X-Men [Marvel Premier Collection],14.99,https://www.barnesandnoble.com/w/x-men-brian-michael-bendis/1149880279
260908,9781302970659,Barnes & Noble,Ultimate Spider-Man Omnibus Vol. 2 Mark Bagley Fiftieth Issue Cover [New Printing],125.0,https://www.barnesandnoble.com/w/ultimate-spider-man-omnibus-vol-2-mark-bagley-fiftieth-issue-cover-new-printing-brian-michael-bendis/1149712050
260908,9781401201920,Barnes & Noble,,,
260908,9781401207526,Barnes & Noble,Batman: Year One,14.99,https://www.barnesandnoble.com/w/batman-frank-miller/1102927547
260908,9781401212414,Barnes & Noble,,,
260908,9781401213596,Barnes & Noble,Batman: Ego and Other Tails,17.99,https://www.barnesandnoble.com/w/batman-darwyn-cooke/1111613562
260908,9781401216269,Barnes & Noble,Batman: The Man Who Laughs,14.99,https://www.barnesandnoble.com/w/batman-ed-brubaker/1130956189
260908,9781401216993,Barnes & Noble,,,
260908,9781401219215,Barnes & Noble,,,
260908,9781401219239,Barnes & Noble,,,
260908,9781401220341,Barnes & Noble,,,
260908,9781401225759,Barnes & Noble,,,
260908,9781401225766,Barnes & Noble,Batman R.I.P.,14.99,https://www.barnesandnoble.com/w/batman-rip-grant-morrison/1101431198
260908,9781401229870,Barnes & Noble,,,
260908,9781401231453,Barnes & Noble,Batman: Under the Red Hood,29.99,https://www.barnesandnoble.com/w/batman-judd-winick/1101003607
260908,9781401232054,Barnes & Noble,,,
260908,9781401232078,Barnes & Noble,Batman: The Black Mirror,16.99,https://www.barnesandnoble.com/w/batman-scott-snyder/1103282563
260908,9781401232597,Barnes & Noble,Batman: The Long Halloween,29.99,https://www.barnesandnoble.com/w/batman-jeph-loeb/1100210042
260908,9781401232740,Barnes & Noble,Batman: A Death in the Family,24.99,https://www.barnesandnoble.com/w/batman-jim-starlin/1113769701
260908,9781401232993,Barnes & Noble,,,
260908,9781401233143,Barnes & Noble,JLA Vol. 1,19.99,https://www.barnesandnoble.com/w/jla-vol-1-grant-morrison/1104116946
260908,9781401233792,Barnes & Noble,Batman: Knightfall Vol. 1,29.99,https://www.barnesandnoble.com/w/batman-various/1110620731
260908,9781401233846,Barnes & Noble,,,
260908,9781401234553,Barnes & Noble,,,
260908,9781401235178,Barnes & Noble,,,
260908,9781401235420,Barnes & Noble,Batman Vol. 1: The Court of Owls (The New 52),16.99,https://www.barnesandnoble.com/w/batman-vol-1-scott-snyder/1112030644
260908,9781401238025,Barnes & Noble,,,
260908,9781401238964,Barnes & Noble,Watchmen: The Deluxe Edition,39.99,https://www.barnesandnoble.com/w/watchmen-alan-moore/1113937947
260908,9781401240332,Barnes & Noble,,,
260908,9781401240455,Barnes & Noble,Preacher Book One,19.99,https://www.barnesandnoble.com/w/preacher-book-one-garth-ennis/1113937968
260908,9781401244019,Barnes & Noble,Batman: Dark Victory (New Edition),24.99,https://www.barnesandnoble.com/w/batman-jeph-loeb/1103165934
260908,9781401244163,Barnes & Noble,,,
260908,9781401245252,Barnes & Noble,,,
260908,9781401248888,Barnes & Noble,,,
260908,9781401251345,Barnes & Noble,Green Lantern by Geoff Johns Omnibus Vol. 1,125.0,https://www.barnesandnoble.com/w/green-lantern-by-geoff-johns-omnibus-vol-1-geoff-johns/1119435345
260908,9781401251468,Barnes & Noble,,,
260908,9781401253134,Barnes & Noble,Justice League International Vol. 1,12.99,https://www.barnesandnoble.com/w/justice-league-international-vol-1-keith-giffen/1103442626
260908,9781401254728,Barnes & Noble,"Gotham Academy, Volume 1: Welcome to Gotham Academy",14.99,https://www.barnesandnoble.com/w/gotham-academy-volume-1-becky-cloonan/1123179928
260908,9781401255268,Barnes & Noble,Green Lantern by Geoff Johns Omnibus Vol. 2,125.0,https://www.barnesandnoble.com/w/green-lantern-by-geoff-johns-omnibus-vol-2-geoff-johns/1120724479
260908,9781401257965,Barnes & Noble,,,
260908,9781401257989,Barnes & Noble,Batgirl Vol. 1: Batgirl of Burnside (The New 52),14.99,https://www.barnesandnoble.com/w/batgirl-vol-1-cameron-stewart/1142221092
260908,9781401258207,Barnes & Noble,Green Lantern by Geoff Johns Omnibus Vol. 3,125.0,https://www.barnesandnoble.com/w/green-lantern-by-geoff-johns-omnibus-vol-3-geoff-johns/1121861734
260908,9781401258238,Barnes & Noble,,,
260908,9781401258313,Barnes & Noble,,,
260908,9781401263119,Barnes & Noble,Batman: The Dark Knight Returns 30th Anniversary Edition,19.99,https://www.barnesandnoble.com/w/batman-frank-miller/1122785420
260908,9781401263126,Barnes & Noble,Doom Patrol Book One,34.99,https://www.barnesandnoble.com/w/doom-patrol-book-one-grant-morrison/1122785421
260908,9781401263522,Barnes & Noble,BATGIRL VOL. 2: TO THE DEATH,19.99,https://www.barnesandnoble.com/w/batgirl-vol-2-kelley-puckett/1124063839
260908,9781401265854,Barnes & Noble,,,
260908,9781401267353,Barnes & Noble,The Flash by Mark Waid Book One,34.99,https://www.barnesandnoble.com/w/the-flash-by-mark-waid-book-one-mark-waid/1123348087
260908,9781401267452,Barnes & Noble,Injustice: Gods Among Us Year One - The Complete Collection,16.99,https://www.barnesandnoble.com/w/injustice-tom-taylor/1122785245
260908,9781401268237,Barnes & Noble,Deathstroke Vol. 1: The Professional (Rebirth),17.99,https://www.barnesandnoble.com/w/deathstroke-vol-1-christopher-priest/1124231991
260908,9781401270261,Barnes & Noble,52 Volume One (New Edition),24.99,https://www.barnesandnoble.com/w/52-volume-one-geoff-johns/1144447929
260908,9781401271947,Barnes & Noble,Wonder Woman By George Perez Vol. 1,29.99,https://www.barnesandnoble.com/w/wonder-woman-by-george-perez-vol-1-len-wein/1146528408
260908,9781401274375,Barnes & Noble,,,
260908,9781401278991,Barnes & Noble,Doom Patrol Vol. 1: Brick by Brick,12.99,https://www.barnesandnoble.com/w/doom-patrol-vol-1-gerard-way/1124743685
260908,9781401283292,Barnes & Noble,Harley Quinn: Breaking Glass,16.99,https://www.barnesandnoble.com/w/harley-quinn-mariko-tamaki/1127924087
260908,9781401283544,Barnes & Noble,Mister Miracle,24.99,https://www.barnesandnoble.com/w/mister-miracle-tom-king/1128112860
260908,9781401284626,Barnes & Noble,,,
260908,9781401286231,Barnes & Noble,Teen Titans: Raven,16.99,https://www.barnesandnoble.com/w/teen-titans-kami-garcia/1129854203
260908,9781401287191,Barnes & Noble,Teen Titans: Beast Boy,16.99,https://www.barnesandnoble.com/w/teen-titans-kami-garcia/1135444046
260908,9781401288136,Barnes & Noble,,,
260908,9781401290832,Barnes & Noble,All-Star Superman,29.99,https://www.barnesandnoble.com/w/all-star-superman-grant-morrison/1100650415
260908,9781401292317,Barnes & Noble,,,
260908,9781401295295,Barnes & Noble,,,
260908,9781401295325,Barnes & Noble,The Flash by Geoff Johns Omnibus Vol. 1,99.99,https://www.barnesandnoble.com/w/the-flash-by-geoff-johns-omnibus-vol-1-geoff-johns/1131005806
260908,9781401297244,Barnes & Noble,Batman: Hush (New Edition),29.99,https://www.barnesandnoble.com/w/batman-jeph-loeb/1005723517
260908,9781506702162,Barnes & Noble,Moebius Library: The World of Edena,49.99,https://www.barnesandnoble.com/w/moebius-library-moebius/1123565426
260908,9781506711423,Barnes & Noble,The Umbrella Academy Volume 3: Hotel Oblivion,19.99,https://www.barnesandnoble.com/w/the-umbrella-academy-volume-3-gerard-way/1129820450
260908,9781506726823,Barnes & Noble,Cyberpunk 2077 Omnibus Volume 1,29.99,https://www.barnesandnoble.com/w/cyberpunk-2077-omnibus-volume-1-bartosz-sztybor/1145020798
260908,9781524108595,Barnes & Noble,"The Boys Omnibus, Volume 1",29.99,https://www.barnesandnoble.com/w/the-boys-omnibus-volume-1-garth-ennis/1136796682
260908,9781524109707,Barnes & Noble,"The Boys Omnibus, Volume 2",29.99,https://www.barnesandnoble.com/w/the-boys-omnibus-volume-2-garth-ennis/1136796683
260908,9781524111403,Barnes & Noble,"The Boys Omnibus, Volume 4",29.99,https://www.barnesandnoble.com/w/the-boys-omnibus-volume-4-garth-ennis/1136796685
260908,9781534300286,Barnes & Noble,Kill or Be Killed Volume 1,16.99,https://www.barnesandnoble.com/w/kill-or-be-killed-volume-1-ed-brubaker/1124233223
260908,9781534300361,Barnes & Noble,"Snotgirl, Vol. 1: Green Hair Don't Care",12.99,https://www.barnesandnoble.com/w/snotgirl-vol-1-bryan-lee-omalley/1144416117
260908,9781534302280,Barnes & Noble,Kill or Be Killed Volume 2,16.99,https://www.barnesandnoble.com/w/kill-or-be-killed-volume-2-ed-brubaker/1125903715
260908,9781534303348,Barnes & Noble,"Paper Girls Deluxe Edition, Book One",34.99,https://www.barnesandnoble.com/w/paper-girls-deluxe-edition-book-one-brian-k-vaughan/1140384785
260908,9781534306752,Barnes & Noble,"Ice Cream Man, Volume 1: Rainbow Sprinkles",9.99,https://www.barnesandnoble.com/w/ice-cream-man-volume-1-w-maxwell-prince/1127582988
260908,9781534306868,Barnes & Noble,"Invincible Compendium, Volume 3",64.99,https://www.barnesandnoble.com/w/invincible-compendium-volume-3-robert-kirkman/1127582989
260908,9781534308527,Barnes & Noble,"Gideon Falls, Volume 1: The Black Barn",9.99,https://www.barnesandnoble.com/w/gideon-falls-volume-1-jeff-lemire/1128023198
260908,9781534308763,Barnes & Noble,"Ice Cream Man, Volume 2: Strange Neapolitan",16.99,https://www.barnesandnoble.com/w/ice-cream-man-volume-2-w-maxwell-prince/1128023200
260908,9781534312265,Barnes & Noble,Ice Cream Man Volume 3: Hopscotch Melange,16.99,https://www.barnesandnoble.com/w/ice-cream-man-volume-3-w-maxwell-prince/1129886994
260908,9781534312357,Barnes & Noble,Murder Falcon,19.99,https://www.barnesandnoble.com/w/murder-falcon-daniel-warren-johnson/1129887001
260908,9781534313408,Barnes & Noble,"The Walking Dead Compendium, Volume 4",59.99,https://www.barnesandnoble.com/w/the-walking-dead-compendium-volume-4-robert-kirkman/1130820685
260908,9781534318335,Barnes & Noble,The Department of Truth Volume 1: The End Of The World,12.99,https://www.barnesandnoble.com/w/the-department-of-truth-volume-1-james-tynion-iv/1145002685
260908,9781534319165,Barnes & Noble,"Radiant Black, Volume 1: (Not So) Secret Origin (A Massive-Verse Book)",16.99,https://www.barnesandnoble.com/w/radiant-black-volume-1-kyle-higgins/1144777196
260908,9781534321281,Barnes & Noble,Clementine Book One,14.99,https://www.barnesandnoble.com/w/clementine-book-one-tillie-walden/1140925344
260908,9781534322042,Barnes & Noble,Astro City Metrobook Volume 1,29.99,https://www.barnesandnoble.com/w/astro-city-metrobook-volume-1-kurt-busiek/1140474587
260908,9781534323285,Barnes & Noble,"Radiant Black, Volume 3: Rogues' Gallery (A Massive-Verse Book)",16.99,https://www.barnesandnoble.com/w/radiant-black-volume-3-kyle-higgins/1144777192
260908,9781534323865,Barnes & Noble,It's Lonely at the Centre of the Earth,12.99,https://www.barnesandnoble.com/w/its-lonely-at-the-centre-of-the-earth-zoe-thorogood/1141292966
260908,9781534324749,Barnes & Noble,Do a Powerbomb,24.99,https://www.barnesandnoble.com/w/do-a-powerbomb-daniel-warren-johnson/1141582072
260908,9781534324770,Barnes & Noble,"Radiant Black, Volume 4: Two-in-One (A Massive-Verse Book)",16.99,https://www.barnesandnoble.com/w/radiant-black-volume-4-kyle-higgins/1144777195
260908,9781534325197,Barnes & Noble,Clementine Book Two,14.99,https://www.barnesandnoble.com/w/clementine-book-two-tillie-walden/1141681367
260908,9781534325937,Barnes & Noble,Lovesick,17.99,https://www.barnesandnoble.com/w/lovesick-luana-vecchio/1142602571
260908,9781534327764,Barnes & Noble,Invincible Complete Library Hardcover Vol. 6,125.0,https://www.barnesandnoble.com/w/invincible-complete-library-hardcover-vol-6-robert-kirkman/1145047115
260908,9781534328013,Barnes & Noble,Invincible Volume 9 (New Edition),14.99,https://www.barnesandnoble.com/w/invincible-volume-9-robert-kirkman/1103296596
260908,9781534328020,Barnes & Noble,Invincible Volume 10 (New Edition),14.99,https://www.barnesandnoble.com/w/invincible-volume-10-robert-kirkman/1100367068
260908,9781534328037,Barnes & Noble,Invincible Volume 11 (New Edition),14.99,https://www.barnesandnoble.com/w/invincible-volume-11-robert-kirkman/1103299323
260908,9781534328044,Barnes & Noble,Invincible Volume 12 (New Edition),14.99,https://www.barnesandnoble.com/w/invincible-volume-12-robert-kirkman/1100383916
260908,9781534328075,Barnes & Noble,G.I. Joe Vol. 1: The Cobra Strikes!,16.99,https://www.barnesandnoble.com/w/gi-joe-vol-1-joshua-williamson/1146384253
260908,9781534328297,Barnes & Noble,East of West: The End Times Compendium,59.99,https://www.barnesandnoble.com/w/east-of-west-jonathan-hickman/1146490200
260908,9781534329553,Barnes & Noble,Scarlett Vol. 1,14.99,https://www.barnesandnoble.com/w/scarlett-vol-1-kelly-thompson/1145060516
260908,9781534329898,Barnes & Noble,Transformers Vol. 3: Combiner Chaos,16.99,https://www.barnesandnoble.com/w/transformers-vol-3-daniel-warren-johnson/1146704301
260908,9781534329904,Barnes & Noble,G.I. Joe Vol. 2: Bludd's Revenge,16.99,https://www.barnesandnoble.com/w/gi-joe-vol-2-joshua-williamson/1146922321
260908,9781534329928,Barnes & Noble,Invincible Volume 15 (New Edition),14.99,https://www.barnesandnoble.com/w/invincible-volume-15-robert-kirkman/1107064847
260908,9781534329935,Barnes & Noble,Invincible Universe: Battle Beast Vol. 2: The Emissary,16.99,https://www.barnesandnoble.com/w/invincible-universe-robert-kirkman/1149543610
260908,9781534330085,Barnes & Noble,Invincible Volume 14 (New Edition),14.99,https://www.barnesandnoble.com/w/invincible-volume-14-robert-kirkman/1147556852
260908,9781534330306,Barnes & Noble,Invincible Universe: Capes Vol. 1: Punching the Clock,16.99,https://www.barnesandnoble.com/w/invincible-universe-robert-kirkman/1148603133
260908,9781534330382,Barnes & Noble,I Was a Fashion School Serial Killer,19.99,https://www.barnesandnoble.com/w/i-was-a-fashion-school-serial-killer-doug-wagner/1146890020
260908,9781534330405,Barnes & Noble,G.I. Joe Vol. 4: The Hunt for Energon,16.99,https://www.barnesandnoble.com/w/gi-joe-vol-4-joshua-williamson/1149543623
260908,9781534330566,Barnes & Noble,Tech Jacket Compendium Vol. 1,39.99,https://www.barnesandnoble.com/w/tech-jacket-compendium-vol-1-robert-kirkman/1147211287
260908,9781534330849,Barnes & Noble,The Power Fantasy Volume 3: The End of History,16.99,https://www.barnesandnoble.com/w/the-power-fantasy-volume-3-kieron-gillen/1148206755
260908,9781534330948,Barnes & Noble,"Assorted Crisis Events, Vol. 2",16.99,https://www.barnesandnoble.com/w/assorted-crisis-events-vol-2-deniz-camp/1150841345
260908,9781534331457,Barnes & Noble,Barrier: The Collected Edition,19.99,https://www.barnesandnoble.com/w/barrier-brian-k-vaughan/1148560518
260908,9781534331525,Barnes & Noble,D'ORC Volume 1: The Book of Certain Doom,9.99,https://www.barnesandnoble.com/w/dorc-volume-1-brett-bean/1149429142
260908,9781534332409,Barnes & Noble,Radiant Black Volume 8: A Massive-Verse Book,17.99,https://www.barnesandnoble.com/w/radiant-black-volume-8-kyle-higgins/1147718697
260908,9781534332485,Barnes & Noble,Ghost Pepper Vol. 2: Taste of Cinders,19.99,https://www.barnesandnoble.com/w/ghost-pepper-vol-2-ludo-lullabi/1148560650
260908,9781534332515,Barnes & Noble,Void Rivals Volume 5: The Quintesson War,16.99,https://www.barnesandnoble.com/w/void-rivals-volume-5-robert-kirkman/1148560649
260908,9781534332584,Barnes & Noble,Transformers Vol. 4: Conquer and Control,16.99,https://www.barnesandnoble.com/w/transformers-vol-4-daniel-warren-johnson/1146922351
260908,9781534332638,Barnes & Noble,Transformers Vol. 6: Decepticons Attack!,16.99,https://www.barnesandnoble.com/w/transformers-vol-6-robert-kirkman/1149520316
260908,9781534332720,Barnes & Noble,Invincible Volume 16 (New Edition),14.99,https://www.barnesandnoble.com/w/invincible-volume-16-robert-kirkman/1110694024
260908,9781534332898,Barnes & Noble,Invincible Volume 13 (New Edition),16.99,https://www.barnesandnoble.com/w/invincible-volume-13-robert-kirkman/1100392081
260908,9781534332980,Barnes & Noble,Invincible Omnibus Vol. 1,125.0,https://www.barnesandnoble.com/w/invincible-omnibus-vol-1-robert-kirkman/1148497563
260908,9781534333109,Barnes & Noble,The Power Fantasy Volume 2: Mutually Reassuring Destruction,16.99,https://www.barnesandnoble.com/w/the-power-fantasy-volume-2-kieron-gillen/1146970133
260908,9781534333208,Barnes & Noble,Five Gears In Reverse: A Criminal Book,24.99,https://www.barnesandnoble.com/w/five-gears-in-reverse-ed-brubaker/1148560646
260908,9781534333277,Barnes & Noble,Invincible Universe: Battle Beast Vol. 1: Heart of Glory,16.99,https://www.barnesandnoble.com/w/invincible-universe-robert-kirkman/1147713037
260908,9781534333451,Barnes & Noble,G.I. Joe Vol. 3: Dreadnok War,16.99,https://www.barnesandnoble.com/w/gi-joe-vol-3-joshua-williamson/1147556885
260908,9781534333550,Barnes & Noble,Transformers Vol. 5: Generation One,16.99,https://www.barnesandnoble.com/w/transformers-vol-5-robert-kirkman/1148560643
260908,9781534333628,Barnes & Noble,Hyde Street Volume 2,14.99,https://www.barnesandnoble.com/w/hyde-street-volume-2-geoff-johns/1148560043
260908,9781534333819,Barnes & Noble,The Transformers: The Movie Deluxe Edition,34.99,https://www.barnesandnoble.com/w/the-transformers-ralph-macchio/1149543627
260908,9781534333963,Barnes & Noble,"Assorted Crisis Events, Vol. 1",16.99,https://www.barnesandnoble.com/w/assorted-crisis-events-vol-1-deniz-camp/1148436226
260908,9781534334441,Barnes & Noble,,,
260908,9781534335318,Barnes & Noble,Invincible Volume 17 (New Edition),14.99,https://www.barnesandnoble.com/w/invincible-volume-17-robert-kirkman/1113533521
260908,9781534335370,Barnes & Noble,G.I. Joe: A Real American Hero Vol. 5,14.99,https://www.barnesandnoble.com/w/gi-joe-larry-hama/1148560060
260908,9781534335547,Barnes & Noble,The Darkness (2025) Volume 1,17.99,https://www.barnesandnoble.com/w/the-darkness-marc-silvestri/1148560058
260908,9781534335714,Barnes & Noble,Exquisite Corpses Volume 3,16.99,https://www.barnesandnoble.com/w/exquisite-corpses-volume-3-james-tynion-iv/1149543323
260908,9781534340268,Barnes & Noble,Invincible Volume 5 (New Edition),14.99,https://www.barnesandnoble.com/w/invincible-volume-5-robert-kirkman/1015177748
260908,9781534345270,Barnes & Noble,Transformers Vol. 2,16.99,https://www.barnesandnoble.com/w/transformers-vol-2-daniel-warren-johnson/1145168194
260908,9781534357686,Barnes & Noble,Destro Vol. 1,14.99,https://www.barnesandnoble.com/w/destro-vol-1-dan-watters/1145060511
260908,9781534358058,Barnes & Noble,Invincible Volume 6 (New Edition),14.99,https://www.barnesandnoble.com/w/invincible-volume-6-robert-kirkman/1107836907
260908,9781534367364,Barnes & Noble,Rook: Exodus Volume 1: Fight or Flight,16.99,https://www.barnesandnoble.com/w/rook-geoff-johns/1145984154
260908,9781534375062,Barnes & Noble,Invincible Volume 7 (New Edition),14.99,https://www.barnesandnoble.com/w/invincible-volume-7-robert-kirkman/1103296585
260908,9781534395565,Barnes & Noble,The Power Fantasy Volume 1: The Superpowers,9.99,https://www.barnesandnoble.com/w/the-power-fantasy-volume-1-kieron-gillen/1146067206
260908,9781534396807,Barnes & Noble,Invincible Volume 8 (New Edition),14.99,https://www.barnesandnoble.com/w/invincible-volume-8-robert-kirkman/1103296587
260908,9781534397378,Barnes & Noble,Clementine Book Three,14.99,https://www.barnesandnoble.com/w/clementine-book-three-tillie-walden/1146268420
260908,9781534397705,Barnes & Noble,"The Complete Invincible Library, Volume 5",125.0,https://www.barnesandnoble.com/w/the-complete-invincible-library-volume-5-robert-kirkman/1144226734
260908,9781534398085,Barnes & Noble,Invincible Volume 4 (New Edition),14.99,https://www.barnesandnoble.com/w/invincible-volume-4-robert-kirkman/1103296592
260908,9781534398092,Barnes & Noble,Invincible Volume 3 (New Edition),15.5,https://www.barnesandnoble.com/w/invincible-volume-3-robert-kirkman/1100333127
260908,9781534398153,Barnes & Noble,Cobra Commander Volume 1: Determined to Rule the World,14.99,https://www.barnesandnoble.com/w/cobra-commander-volume-1-joshua-williamson/1144690005
260908,9781534398160,Barnes & Noble,Duke Volume 1: Knowing is Half the Battle,14.99,https://www.barnesandnoble.com/w/duke-volume-1-joshua-williamson/1144690047
260908,9781534398177,Barnes & Noble,Transformers Vol. 1: Robots in Disguise,16.99,https://www.barnesandnoble.com/w/transformers-vol-1-daniel-warren-johnson/1144690006
260908,9781534398184,Barnes & Noble,"Void Rivals, Volume 1: More Than Meets the Eye",16.99,https://www.barnesandnoble.com/w/void-rivals-volume-1-robert-kirkman/1144653144
260908,9781534399037,Barnes & Noble,Invincible Volume 2 (New Edition),14.99,https://www.barnesandnoble.com/w/invincible-volume-2-robert-kirkman/1103296577
260908,9781534399068,Barnes & Noble,"The Complete Invincible Library, Volume 4",125.0,https://www.barnesandnoble.com/w/the-complete-invincible-library-volume-4-robert-kirkman/1143570163
260908,9781534399952,Barnes & Noble,Invincible Volume 1 (New Edition),12.99,https://www.barnesandnoble.com/w/invincible-volume-1-robert-kirkman/1101476330
260908,9781534399969,Barnes & Noble,Invincible Universe Compendium Volume 1,39.99,https://www.barnesandnoble.com/w/invincible-universe-compendium-volume-1-robert-kirkman/1142602573
260908,9781563890055,Barnes & Noble,,,
260908,9781563893421,Barnes & Noble,,,
260908,9781563893742,Barnes & Noble,,,
260908,9781563894695,Barnes & Noble,,,
260908,9781582405001,Barnes & Noble,"Invincible Ultimate Collection, Volume 1",39.99,https://www.barnesandnoble.com/w/invincible-ultimate-collection-volume-1-robert-kirkman/1144424538
260908,9781582405308,Barnes & Noble,"The Walking Dead, Volume 4: The Heart's Desire",14.99,https://www.barnesandnoble.com/w/the-walking-dead-volume-4-robert-kirkman/1110790891
260908,9781582406121,Barnes & Noble,"The Walking Dead, Volume 5: The Best Defense",14.99,https://www.barnesandnoble.com/w/the-walking-dead-volume-5-robert-kirkman/1110831385
260908,9781582406725,Barnes & Noble,"The Walking Dead, Volume 1: Days Gone Bye",14.99,https://www.barnesandnoble.com/w/the-walking-dead-volume-1-robert-kirkman/1006316478
260908,9781582406848,Barnes & Noble,"The Walking Dead, Volume 6: This Sorrowful Life",14.99,https://www.barnesandnoble.com/w/the-walking-dead-volume-6-robert-kirkman/1110832193
260908,9781582407111,Barnes & Noble,"Invincible, Volume 1: Family Matters",9.99,https://www.barnesandnoble.com/w/invincible-volume-1-robert-kirkman/1111660006
260908,9781582407180,Barnes & Noble,"The Complete Invincible Library, Volume 1",125.0,https://www.barnesandnoble.com/w/the-complete-invincible-library-volume-1-robert-kirkman/1120207285
260908,9781582407753,Barnes & Noble,"The Walking Dead, Volume 2: Miles Behind Us",14.99,https://www.barnesandnoble.com/w/the-walking-dead-volume-2-robert-kirkman/1110790892
260908,9781582408057,Barnes & Noble,"The Walking Dead, Volume 3: Safety Behind Bars",14.99,https://www.barnesandnoble.com/w/the-walking-dead-volume-3-robert-kirkman/1110790894
260908,9781582408286,Barnes & Noble,"The Walking Dead, Volume 7: The Calm Before",16.99,https://www.barnesandnoble.com/w/the-walking-dead-volume-7-robert-kirkman/1110831730
260908,9781582408835,Barnes & Noble,"The Walking Dead, Volume 8: Made to Suffer",16.99,https://www.barnesandnoble.com/w/the-walking-dead-volume-8-robert-kirkman/1109978974
260908,9781593070946,Barnes & Noble,"Hellboy, Volume 1: Seed of Destruction",19.99,https://www.barnesandnoble.com/w/hellboy-volume-1-mike-mignola/1100352129
260908,9781593076405,Barnes & Noble,,,
260908,9781593079789,Barnes & Noble,"The Umbrella Academy, Volume 1: Apocalypse Suite",17.99,https://www.barnesandnoble.com/w/the-umbrella-academy-volume-1-gerard-way/1110791570
260908,9781595823458,Barnes & Noble,"The Umbrella Academy, Volume 2: Dallas",17.99,https://www.barnesandnoble.com/w/the-umbrella-academy-volume-2-gerard-way/1110832863
260908,9781595828934,Barnes & Noble,,,
260908,9781607060222,Barnes & Noble,"The Walking Dead, Volume 9: Here We Remain",14.99,https://www.barnesandnoble.com/w/the-walking-dead-volume-9-robert-kirkman/1110832427
260908,9781607060758,Barnes & Noble,"The Walking Dead, Volume 10: What We Become",14.99,https://www.barnesandnoble.com/w/the-walking-dead-volume-10-robert-kirkman/1110833516
260908,9781607060765,Barnes & Noble,"The Walking Dead Compendium, Volume 1",59.99,https://www.barnesandnoble.com/w/the-walking-dead-compendium-volume-1-robert-kirkman/1015226378
260908,9781607061120,Barnes & Noble,"The Complete Invincible Library, Volume 2",125.0,https://www.barnesandnoble.com/w/the-complete-invincible-library-volume-2-robert-kirkman/1016254679
260908,9781607061816,Barnes & Noble,"The Walking Dead, Volume 11: Fear the Hunters",14.99,https://www.barnesandnoble.com/w/the-walking-dead-volume-11-robert-kirkman/1020923710
260908,9781607062547,Barnes & Noble,"The Walking Dead, Volume 12: Life Among Them",14.99,https://www.barnesandnoble.com/w/the-walking-dead-volume-12-robert-kirkman/1110832909
260908,9781607062554,Barnes & Noble,,,
260908,9781607063292,Barnes & Noble,"The Walking Dead, Volume 13: Too Far Gone",14.99,https://www.barnesandnoble.com/w/the-walking-dead-volume-13-robert-kirkman/1110833933
260908,9781607064114,Barnes & Noble,"Invincible Compendium, Volume 1",64.99,https://www.barnesandnoble.com/w/invincible-compendium-volume-1-robert-kirkman/1106496662
260908,9781607064213,Barnes & Noble,"The Complete Invincible Library, Volume 3",125.0,https://www.barnesandnoble.com/w/the-complete-invincible-library-volume-3-robert-kirkman/1107064580
260908,9781607065968,Barnes & Noble,"The Walking Dead Compendium, Volume 2",59.99,https://www.barnesandnoble.com/w/the-walking-dead-compendium-volume-2-robert-kirkman/1111809266
260908,9781607066019,Barnes & Noble,"Saga, Volume 1",9.99,https://www.barnesandnoble.com/w/saga-volume-1-brian-k-vaughan/1113793156
260908,9781607067702,Barnes & Noble,"East of West, Volume 1: The Promise",16.99,https://www.barnesandnoble.com/w/east-of-west-volume-1-jonathan-hickman/1116009183
260908,9781607067726,Barnes & Noble,"Invincible Compendium, Volume 2",64.99,https://www.barnesandnoble.com/w/invincible-compendium-volume-2-robert-kirkman/1115809339
260908,9781607069461,Barnes & Noble,"Sex Criminals, Volume 1: One Weird Trick",9.99,https://www.barnesandnoble.com/w/sex-criminals-volume-1-matt-fraction/1130579087
260908,9781613770078,Barnes & Noble,,,
260908,9781616552473,Barnes & Noble,,,
260908,9781631404740,Barnes & Noble,,,
260908,9781632152121,Barnes & Noble,Sunstone Volume 1,14.99,https://www.barnesandnoble.com/w/sunstone-volume-1-stjepan-sejic/1123751882
260908,9781632152299,Barnes & Noble,Sunstone Volume 2,14.99,https://www.barnesandnoble.com/w/sunstone-volume-2-stjepan-sejic/1120891845
260908,9781632154569,Barnes & Noble,"The Walking Dead Compendium, Volume 3",59.99,https://www.barnesandnoble.com/w/the-walking-dead-compendium-volume-3-robert-kirkman/1121945006
260908,9781632158864,Barnes & Noble,"Head Lopper, Vol. 1: The Island or a Plague of Beasts",19.99,https://www.barnesandnoble.com/w/head-lopper-vol-1-andrew-maclean/1125167367
260908,9781684056873,Barnes & Noble,"Teenage Mutant Ninja Turtles: Reborn, Vol. 1 - From The Ashes",19.99,https://www.barnesandnoble.com/w/teenage-mutant-ninja-turtles-sophie-campbell/1137597686
260908,9781684058419,Barnes & Noble,Teenage Mutant Ninja Turtles: The Last Ronin,29.99,https://www.barnesandnoble.com/w/teenage-mutant-ninja-turtles-kevin-eastman/1139703282
260908,9781684157648,Barnes & Noble,Something is Killing the Children Book One Deluxe Edition,49.99,https://www.barnesandnoble.com/w/something-is-killing-the-children-book-one-deluxe-edition-james-tynion-iv/1144399958
260908,9781684158058,Barnes & Noble,The Many Deaths of Laila Starr,14.99,https://www.barnesandnoble.com/w/the-many-deaths-of-laila-starr-ram-v/1142465691
260908,9781779501127,Barnes & Noble,Watchmen (2019 Edition),24.99,https://www.barnesandnoble.com/w/watchmen-alan-moore/1100992589
260908,9781779502131,Barnes & Noble,The Green Lantern Vol. 1: Intergalactic Lawman,12.99,https://www.barnesandnoble.com/w/the-green-lantern-vol-1-grant-morrison/1129939180
260908,9781779503862,Barnes & Noble,Teen Titans: Beast Boy Loves Raven,16.99,https://www.barnesandnoble.com/w/teen-titans-kami-garcia/1137077531
260908,9781779504210,Barnes & Noble,Superman Smashes the Klan,16.99,https://www.barnesandnoble.com/w/superman-smashes-the-klan-gene-luen-yang/1132922776
260908,9781779504463,Barnes & Noble,The Batman Who Laughs,19.99,https://www.barnesandnoble.com/w/the-batman-who-laughs-scott-snyder/1130896781
260908,9781779507198,Barnes & Noble,,,
260908,9781779511553,Barnes & Noble,,,
260908,9781779512055,Barnes & Noble,Far Sector,29.99,https://www.barnesandnoble.com/w/far-sector-n-k-jemisin/1138650690
260908,9781779512058,Barnes & Noble,,,
260908,9781779513458,Barnes & Noble,,,
260908,9781779514349,Barnes & Noble,The Nice House on the Lake Vol. 1,19.99,https://www.barnesandnoble.com/w/the-nice-house-on-the-lake-vol-1-james-tynion-iv/1144399780
260908,9781779515346,Barnes & Noble,,,
260908,9781779515681,Barnes & Noble,Supergirl: Woman of Tomorrow,19.99,https://www.barnesandnoble.com/w/supergirl-tom-king/1141361402
260908,9781779516831,Barnes & Noble,,,
260908,9781779516992,Barnes & Noble,Nightwing Vol. 1: Leaping into the Light,16.99,https://www.barnesandnoble.com/w/nightwing-vol-1-tom-taylor/1139710918
260908,9781779517272,Barnes & Noble,Flashpoint (New Edition),19.99,https://www.barnesandnoble.com/w/flashpoint-geoff-johns/1104326195
260908,9781779517999,Barnes & Noble,Teen Titans: Starfire,16.99,https://www.barnesandnoble.com/w/teen-titans-kami-garcia/1144161170
260908,9781779520050,Barnes & Noble,Nightwing: Fear State,17.99,https://www.barnesandnoble.com/w/nightwing-tom-taylor/1140688719
260908,9781779521149,Barnes & Noble,Nightwing: The Joker War,19.99,https://www.barnesandnoble.com/w/nightwing-dan-jurgens/1137656730
260908,9781779523020,Barnes & Noble,Nightwing Vol. 2: Get Grayson,17.99,https://www.barnesandnoble.com/w/nightwing-vol-2-tom-taylor/1141774496
260908,9781779525031,Barnes & Noble,Poison Ivy Vol. 1: The Virtuous Cycle,16.99,https://www.barnesandnoble.com/w/poison-ivy-vol-1-g-willow-wilson/1142816980
260908,9781779525123,Barnes & Noble,Titans Vol. 1: Out of the Shadows,16.99,https://www.barnesandnoble.com/w/titans-vol-1-tom-taylor/1144032124
260908,9781779525222,Barnes & Noble,Nightwing Vol. 3: The Battle for Blüdhaven's Heart,16.99,https://www.barnesandnoble.com/w/nightwing-vol-3-tom-taylor/1142834044
260908,9781779525673,Barnes & Noble,JLA Book One,49.99,https://www.barnesandnoble.com/w/jla-book-one-grant-morrison/1144209475
260908,9781779525888,Barnes & Noble,Justice League Dark: Rebirth Omnibus,150.0,https://www.barnesandnoble.com/w/justice-league-dark-james-tynion-iv/1144400029
260908,9781779526311,Barnes & Noble,Absolute Justice League: The World's Greatest Super-Heroes by Alex Ross & Paul Dini (New Edition),100.0,https://www.barnesandnoble.com/w/absolute-justice-league-paul-dini/1126002625
260908,9781779526526,Barnes & Noble,,,
260908,9781779526984,Barnes & Noble,The Flash by Joshua Williamson Omnibus Vol. 1,125.0,https://www.barnesandnoble.com/w/the-flash-by-joshua-williamson-omnibus-vol-1-joshua-williamson/1144518729
260908,9781779527028,Barnes & Noble,Batman: City of Madness,29.99,https://www.barnesandnoble.com/w/batman-christian-ward/1144522261
260908,9781779527257,Barnes & Noble,All-Star Superman: DC Compact Comics Edition,9.99,https://www.barnesandnoble.com/w/all-star-superman-grant-morrison/1144558133
260908,9781779527264,Barnes & Noble,Batman: Hush: DC Compact Comics Edition,9.99,https://www.barnesandnoble.com/w/batman-jeph-loeb/1144558129
260908,9781779527271,Barnes & Noble,Batman: The Court of Owls Saga: DC Compact Comics Edition,9.99,https://www.barnesandnoble.com/w/batman-scott-snyder/1144558155
260908,9781779527288,Barnes & Noble,Catwoman: Trail of the Catwoman: DC Compact Comics Edition,9.99,https://www.barnesandnoble.com/w/catwoman-ed-brubaker/1144558132
260908,9781779527301,Barnes & Noble,Harley Quinn & the Gotham City Sirens: DC Compact Comics Edition,9.99,https://www.barnesandnoble.com/w/harley-quinn-the-gotham-city-sirens-paul-dini/1144558154
260908,9781779527325,Barnes & Noble,Watchmen: DC Compact Comics Edition,9.99,https://www.barnesandnoble.com/w/watchmen-alan-moore/1144558135
260908,9781779527332,Barnes & Noble,Wonder Woman: Earth One: DC Compact Comics Edition,9.99,https://www.barnesandnoble.com/w/wonder-woman-grant-morrison/1144558134
260908,9781779527349,Barnes & Noble,American Vampire Book One: DC Compact Comics Edition,9.99,https://www.barnesandnoble.com/w/american-vampire-book-one-scott-snyder/1144558130
260908,9781779527585,Barnes & Noble,Absolute Justice (New Edition),125.0,https://www.barnesandnoble.com/w/absolute-justice-alex-ross/1015952234
260908,9781779527653,Barnes & Noble,Green Lantern by Geoff Johns Book One (New Edition),39.99,https://www.barnesandnoble.com/w/green-lantern-by-geoff-johns-book-one-geoff-johns/1129141932
260908,9781779527882,Barnes & Noble,Poison Ivy Vol. 2: Unethical Consumption,17.99,https://www.barnesandnoble.com/w/poison-ivy-vol-2-g-willow-wilson/1143547912
260908,9781779528025,Barnes & Noble,Nightwing Vol. 4: The Leap,16.99,https://www.barnesandnoble.com/w/nightwing-vol-4-tom-taylor/1143598642
260908,9781779528100,Barnes & Noble,Poison Ivy Vol. 3: Mourning Sickness,24.99,https://www.barnesandnoble.com/w/poison-ivy-vol-3-g-willow-wilson/1145070382
260908,9781779528346,Barnes & Noble,DC Finest: Wonder Woman: Origins & Omens,39.99,https://www.barnesandnoble.com/w/dc-finest-gail-simone/1146528402
260908,9781779528353,Barnes & Noble,DC Finest: Batman: Year One & Two,39.99,https://www.barnesandnoble.com/w/dc-finest-frank-miller/1146528379
260908,9781779528360,Barnes & Noble,DC Finest: The Flash: The Human Thunderbolt,39.99,https://www.barnesandnoble.com/w/dc-finest-robert-kanigher/1146528392
260908,9781779528377,Barnes & Noble,DC Finest: Justice League of America: The Bridge Between Earths,39.99,https://www.barnesandnoble.com/w/dc-finest-gardner-fox/1146528366
260908,9781779528438,Barnes & Noble,Poison Ivy Vol. 4: Origin of Species,24.99,https://www.barnesandnoble.com/w/poison-ivy-vol-4-g-willow-wilson/1145070360
260908,9781779528483,Barnes & Noble,DC Finest: Green Lantern: The Defeat of Green Lantern,39.99,https://www.barnesandnoble.com/w/dc-finest-john-broome/1146528394
260908,9781779529435,Barnes & Noble,Nightwing Vol. 6: Standing at the Edge,17.99,https://www.barnesandnoble.com/w/nightwing-vol-6-tom-taylor/1145640898
260908,9781779529534,Barnes & Noble,Nightwing Vol. 5: Time of the Titans,17.99,https://www.barnesandnoble.com/w/nightwing-vol-5-tom-taylor/1144483429
260908,9781799500506,Barnes & Noble,Green Lantern Vol. 2: Love and War,19.99,https://www.barnesandnoble.com/w/green-lantern-vol-2-jeremy-adams/1146206704
260908,9781799500537,Barnes & Noble,Titans Vol. 2: The Dark-Winged Queen,19.99,https://www.barnesandnoble.com/w/titans-vol-2-tom-taylor/1146138222
260908,9781799500742,Barnes & Noble,Absolute Green Lantern: The Sinestro Corps War (2025 Edition),125.0,https://www.barnesandnoble.com/w/absolute-green-lantern-geoff-johns/1110872432
260908,9781799500803,Barnes & Noble,Zatanna: Bring Down The House,29.99,https://www.barnesandnoble.com/w/zatanna-mariko-tamaki/1145821846
260908,9781799500896,Barnes & Noble,Nightwing Vol. 7: Fallen Grayson,17.99,https://www.barnesandnoble.com/w/nightwing-vol-7-tom-taylor/1146112259
260908,9781799501152,Barnes & Noble,JLA Book Two,49.99,https://www.barnesandnoble.com/w/jla-book-two-grant-morrison/1146124749
260908,9781799501299,Barnes & Noble,Kingdom Come: DC Compact Comics Edition,9.99,https://www.barnesandnoble.com/w/kingdom-come-mark-waid/1146138238
260908,9781799501541,Barnes & Noble,Static: Season One: DC Compact Comics Edition,9.99,https://www.barnesandnoble.com/w/static-vita-ayala/1146224646
260908,9781799501633,Barnes & Noble,DCeased: DC Compact Comics Edition,9.99,https://www.barnesandnoble.com/w/dceased-tom-taylor/1146247920
260908,9781799501916,Barnes & Noble,Superman: Birthright: DC Compact Comics Edition,9.99,https://www.barnesandnoble.com/w/superman-mark-waid/1146333019
260908,9781799501992,Barnes & Noble,The Authority: Relentless: DC Compact Comics Edition,9.99,https://www.barnesandnoble.com/w/the-authority-warren-ellis/1146895595
260908,9781799502012,Barnes & Noble,DC Finest: Wonder Woman: The Legend of Wonder Woman,39.99,https://www.barnesandnoble.com/w/dc-finest-dan-mishkin/1146528362
260908,9781799502043,Barnes & Noble,Poison Ivy Vol. 5: Human Botany,29.99,https://www.barnesandnoble.com/w/poison-ivy-vol-5-g-willow-wilson/1146701527
260908,9781799502135,Barnes & Noble,Superman/Batman: DC Compact Comics Edition,9.99,https://www.barnesandnoble.com/w/superman-batman-jeph-loeb/1146917870
260908,9781799502340,Barnes & Noble,DC: The New Frontier: DC Compact Comics Edition,9.99,https://www.barnesandnoble.com/w/dc-darwyn-cooke/1146581016
260908,9781799502449,Barnes & Noble,DC Finest: Justice League of America: The Return,39.99,https://www.barnesandnoble.com/w/dc-finest-gerry-conway/1147145858
260908,9781799502579,Barnes & Noble,,,
260908,9781799502678,Barnes & Noble,Absolute Batman: Dark Victory (2025 Edition),100.0,https://www.barnesandnoble.com/w/absolute-batman-jeph-loeb/1110928275
260908,9781799502883,Barnes & Noble,Batman: The Long Halloween: DC Compact Comics Edition,9.99,https://www.barnesandnoble.com/w/batman-jeph-loeb/1147132061
260908,9781799503026,Barnes & Noble,DC Finest: The Flash: The Fastest Man Dead,39.99,https://www.barnesandnoble.com/w/dc-finest-robert-kanigher/1148002796
260908,9781799503033,Barnes & Noble,Harley Quinn: Wild at Heart: DC Compact Comics Edition,9.99,https://www.barnesandnoble.com/w/harley-quinn-amanda-conner/1147132093
260908,9781799503064,Barnes & Noble,Teen Titans: Together,16.99,https://www.barnesandnoble.com/w/teen-titans-kami-garcia/1146937670
260908,9781799503125,Barnes & Noble,Wonder Woman Vol. 4: The Island of Mice and Men,19.99,https://www.barnesandnoble.com/w/wonder-woman-vol-4-tom-king/1148778916
260908,9781799503132,Barnes & Noble,V for Vendetta: DC Compact Comics Edition,9.99,https://www.barnesandnoble.com/w/v-for-vendetta-alan-moore/1147201974
260908,9781799503170,Barnes & Noble,Elseworlds: Justice League Omnibus Vol. 1,150.0,https://www.barnesandnoble.com/w/elseworlds-mark-waid/1148079595
260908,9781799503262,Barnes & Noble,DC Finest: Green Lantern: Earth's Other Green Lantern,39.99,https://www.barnesandnoble.com/w/dc-finest-various/1147202037
260908,9781799503361,Barnes & Noble,DC Finest: Wonder Woman: Introducing Wonder Woman,39.99,https://www.barnesandnoble.com/w/dc-finest-william-moulton-marston/1147201970
260908,9781799505198,Barnes & Noble,Absolute Flash Vol. 1: Of Two Worlds,17.99,https://www.barnesandnoble.com/w/absolute-flash-vol-1-jeff-lemire/1147202008
260908,9781799505211,Barnes & Noble,Absolute Martian Manhunter Vol. 1: Martian Vision,17.99,https://www.barnesandnoble.com/w/absolute-martian-manhunter-vol-1-deniz-camp/1147648139
260908,9781799505235,Barnes & Noble,Superman: Action Comics Vol. 1: Boy of Steel,19.99,https://www.barnesandnoble.com/w/superman-mark-waid/1148324046
260908,9781799505242,Barnes & Noble,Absolute Batman Vol. 1: The Zoo,24.99,https://www.barnesandnoble.com/w/absolute-batman-vol-1-scott-snyder/1146794457
260908,9781799505259,Barnes & Noble,Absolute Batman Vol. 1: The Zoo,17.99,https://www.barnesandnoble.com/w/absolute-batman-vol-1-scott-snyder/1146794457
260908,9781799505297,Barnes & Noble,Absolute Wonder Woman Vol. 1: The Last Amazon,24.99,https://www.barnesandnoble.com/w/absolute-wonder-woman-vol-1-kelly-thompson/1146794453
260908,9781799505303,Barnes & Noble,Absolute Wonder Woman Vol. 1: The Last Amazon,17.99,https://www.barnesandnoble.com/w/absolute-wonder-woman-vol-1-kelly-thompson/1146794453
260908,9781799505334,Barnes & Noble,Absolute Superman Vol. 1: Last Dust of Krypton,17.99,https://www.barnesandnoble.com/w/absolute-superman-vol-1-jason-aaron/1146945979
260908,9781799505341,Barnes & Noble,Batgirl Vol. 1: Mother,17.99,https://www.barnesandnoble.com/w/batgirl-vol-1-tate-brombal/1146973167
260908,9781799505501,Barnes & Noble,Zatanna: It's Showtime!,17.99,https://www.barnesandnoble.com/w/zatanna-jamal-campbell/1147711373
260908,9781799505556,Barnes & Noble,Absolute Green Lantern Vol. 1: Without Fear,17.99,https://www.barnesandnoble.com/w/absolute-green-lantern-vol-1-al-ewing/1147201964
260908,9781799505662,Barnes & Noble,The Bat-Man: Second Knight,24.99,https://www.barnesandnoble.com/w/the-bat-man-mike-perkins/1148002877
260908,9781799505686,Barnes & Noble,DC X SONIC THE HEDGEHOG,17.99,https://www.barnesandnoble.com/w/dc-x-sonic-the-hedgehog-ian-flynn/1146794460
260908,9781799505860,Barnes & Noble,Batman/Static: Beyond,19.99,https://www.barnesandnoble.com/w/batman-static-evan-narcisse/1149719795
260908,9781799505945,Barnes & Noble,Batman and Robin: Year One,29.99,https://www.barnesandnoble.com/w/batman-and-robin-mark-waid/1147078553
260908,9781799506089,Barnes & Noble,Batgirl Vol. 2: Bloodlines,17.99,https://www.barnesandnoble.com/w/batgirl-vol-2-tate-brombal/1147890570
260908,9781799506171,Barnes & Noble,Supergirl Vol. 1: Misadventures in Midvale,17.99,https://www.barnesandnoble.com/w/supergirl-vol-1-sophie-campbell/1148031724
260908,9781799506218,Barnes & Noble,Superman: The Kryptonite Spectrum,29.99,https://www.barnesandnoble.com/w/superman-w-maxwell-prince/1147890648
260908,9781799506386,Barnes & Noble,Mr. Terrific: Year One,17.99,https://www.barnesandnoble.com/w/mr-terrific-al-letson/1147476861
260908,9781799506652,Barnes & Noble,Batman: Gotham by Gaslight: DC Compact Comics Edition,9.99,https://www.barnesandnoble.com/w/batman-brian-augustyn/1147316834
260908,9781799506904,Barnes & Noble,Supergirl: Woman of Tomorrow: DC Compact Comics,9.99,https://www.barnesandnoble.com/w/supergirl-tom-king/1147241919
260908,9781799506997,Barnes & Noble,Batman: Arkham Asylum: DC Compact Comics,9.99,https://www.barnesandnoble.com/w/batman-grant-morrison/1147145863
260908,9781799507413,Barnes & Noble,Batman: White Knight: DC Compact Comics Edition,9.99,https://www.barnesandnoble.com/w/batman-sean-murphy/1147890538
260908,9781799507444,Barnes & Noble,DC Finest: Wonder Woman: Enter the Cheetah,39.99,https://www.barnesandnoble.com/w/dc-finest-william-moulton-marston/1148002847
260908,9781799507505,Barnes & Noble,Absolute Batman Vol. 2: Abomination,29.99,https://www.barnesandnoble.com/w/absolute-batman-vol-2-scott-snyder/1147890634
260908,9781799507512,Barnes & Noble,Absolute Batman Vol. 2: Abomination,19.99,https://www.barnesandnoble.com/w/absolute-batman-vol-2-scott-snyder/1147890634
260908,9781799507529,Barnes & Noble,Absolute Superman Vol. 2: Son of the Demon,19.99,https://www.barnesandnoble.com/w/absolute-superman-vol-2-jason-aaron/1147933898
260908,9781799507536,Barnes & Noble,Absolute Wonder Woman Vol. 2: As My Mothers Made Me,29.99,https://www.barnesandnoble.com/w/absolute-wonder-woman-vol-2-kelly-thompson/1147933818
260908,9781799507543,Barnes & Noble,Absolute Wonder Woman Vol. 2: As My Mothers Made Me,19.99,https://www.barnesandnoble.com/w/absolute-wonder-woman-vol-2-kelly-thompson/1147933818
260908,9781799507642,Barnes & Noble,"John Constantine, Hellblazer by Paul Jenkins and Sean Phillips Omnibus",150.0,https://www.barnesandnoble.com/w/john-constantine-hellblazer-by-paul-jenkins-and-sean-phillips-omnibus-paul-jenkins/1147890503
260908,9781799507697,Barnes & Noble,The Flash: Rebirth: DC Compact Comics Edition,9.99,https://www.barnesandnoble.com/w/the-flash-geoff-johns/1147905651
260908,9781799507703,Barnes & Noble,Nightwing: Leaping into the Light: DC Compact Comics Edition,9.99,https://www.barnesandnoble.com/w/nightwing-tom-taylor/1147905648
260908,9781799507710,Barnes & Noble,DC Finest: Deadman: How Many Times Can a Guy Die?,39.99,https://www.barnesandnoble.com/w/dc-finest-arnold-drake/1148002798
260908,9781799507734,Barnes & Noble,DC Finest: Justice League of America: Starro the Conqueror,39.99,https://www.barnesandnoble.com/w/dc-finest-gardner-fox/1148002901
260908,9781799507864,Barnes & Noble,Batman: The Dark Knight Returns: DC Compact Comics Edition,9.99,https://www.barnesandnoble.com/w/batman-frank-miller/1147890529
260908,9781799507932,Barnes & Noble,JLA Book Three,39.99,https://www.barnesandnoble.com/w/jla-book-three-grant-morrison/1147933932
260908,9781799508007,Barnes & Noble,Green Arrow By Jeff Lemire and Andrea Sorrentino: The Deluxe Edition (New Edition),49.99,https://www.barnesandnoble.com/w/green-arrow-by-jeff-lemire-and-andrea-sorrentino-jeff-lemire/1148118301
260908,9781799508038,Barnes & Noble,Batman: Urban Legends Omnibus Vol. 1,100.0,https://www.barnesandnoble.com/w/batman-chip-zdarsky/1148118335
260908,9781799508045,Barnes & Noble,Zatanna by Paul Dini Omnibus,100.0,https://www.barnesandnoble.com/w/zatanna-by-paul-dini-omnibus-paul-dini/1148002875
260908,9781799508076,Barnes & Noble,Gotham Central: DC Compact Comics Edition,9.99,https://www.barnesandnoble.com/w/gotham-central-ed-brubaker/1148079608
260908,9781799508083,Barnes & Noble,Green Arrow: Year One: DC Compact Comics Edition,9.99,https://www.barnesandnoble.com/w/green-arrow-andy-diggle/1148002786
260908,9781799508113,Barnes & Noble,DC Finest: Wonder Woman: Dawn Before Darkness,39.99,https://www.barnesandnoble.com/w/dc-finest-gail-simone/1148039804
260908,9781799508151,Barnes & Noble,Robin: Year One (New Edition),19.99,https://www.barnesandnoble.com/w/robin-chuck-dixon/1005032187
260908,9781799508168,Barnes & Noble,Green Lantern Corps Vol. 2: Lanterns United,17.99,https://www.barnesandnoble.com/w/green-lantern-corps-vol-2-jeremy-adams/1150286184
260908,9781799508212,Barnes & Noble,Batman: Under the Red Hood: DC Compact Comics Edition,9.99,https://www.barnesandnoble.com/w/batman-judd-winick/1148307280
260908,9781799508236,Barnes & Noble,Batman: Detective Comics: The New 52 Omnibus Vol. 2,150.0,https://www.barnesandnoble.com/w/batman-brian-buccellato/1148178098
260908,9781799508281,Barnes & Noble,Superman: Red Son: DC Compact Comics Edition,9.99,https://www.barnesandnoble.com/w/superman-mark-millar/1148178089
260908,9781799508298,Barnes & Noble,DC Finest: Robin: The Origin of Robin,39.99,https://www.barnesandnoble.com/w/dc-finest-john-broome/1148307276
260908,9781799508342,Barnes & Noble,,,
260908,9781799508502,Barnes & Noble,,,
260908,9781799508519,Barnes & Noble,Wonder Woman by George Perez Omnibus Vol. 2 (New Edition),75.0,https://www.barnesandnoble.com/w/wonder-woman-by-george-perez-omnibus-vol-2-george-perez/1148625132
260908,9781799508557,Barnes & Noble,Batgirl of Burnside: DC Compact Comics Edition,9.99,https://www.barnesandnoble.com/w/batgirl-of-burnside-cameron-stewart/1148477330
260908,9781799508564,Barnes & Noble,Injustice: Gods Among Us: Year One: DC Compact Comics Edition,9.99,https://www.barnesandnoble.com/w/injustice-tom-taylor/1148574806
260908,9781799508649,Barnes & Noble,Batman/Superman: World's Finest Vol. 9: The Merger,19.99,https://www.barnesandnoble.com/w/batman-superman-mark-waid/1149719776
260908,9781799508663,Barnes & Noble,Nightwing Vol. 3: The Cirque du Sin,17.99,https://www.barnesandnoble.com/w/nightwing-vol-3-dan-watters/1148683177
260908,9781799508687,Barnes & Noble,Poison Ivy Vol. 7: Amuse-bouche,19.99,https://www.barnesandnoble.com/w/poison-ivy-vol-7-g-willow-wilson/1148535121
260908,9781799508694,Barnes & Noble,DC K.O. Superman,17.99,https://www.barnesandnoble.com/w/dc-ko-superman-joshua-williamson/1149766585
260908,9781799508731,Barnes & Noble,The New Titans Omnibus Vol. 1,125.0,https://www.barnesandnoble.com/w/the-new-titans-omnibus-vol-1-marv-wolfman/1149724821
260908,9781799508755,Barnes & Noble,Batwoman Omnibus (2026 Edition),125.0,https://www.barnesandnoble.com/w/batwoman-omnibus-greg-rucka/1149724889
260908,9781799508793,Barnes & Noble,Batman & Son: DC Compact Comics Edition,9.99,https://www.barnesandnoble.com/w/batman-son-grant-morrison/1149766636
260908,9781799508809,Barnes & Noble,Dark Nights: Metal: DC Compact Comics Edition,9.99,https://www.barnesandnoble.com/w/dark-nights-scott-snyder/1149724898
260908,9781799508830,Barnes & Noble,DC Finest: Justice League of America: Crisis on Earth-X,39.99,https://www.barnesandnoble.com/w/dc-finest-len-wein/1149724901
260908,9781799508861,Barnes & Noble,Batman by Tom King Book Three,39.99,https://www.barnesandnoble.com/w/batman-by-tom-king-book-three-tom-king/1149766553
260908,9781799508892,Barnes & Noble,JSA Vol. 3: Year One,17.99,https://www.barnesandnoble.com/w/jsa-vol-3-jeff-lemire/1149724888
260908,9781799508915,Barnes & Noble,Absolute Batman Vol. 3: Devil's Workshop,19.99,https://www.barnesandnoble.com/w/absolute-batman-vol-3-scott-snyder/1150099562
260908,9781799508960,Barnes & Noble,Batgirl Vol. 3: The War of Shadows,17.99,https://www.barnesandnoble.com/w/batgirl-vol-3-tate-brombal/1149766555
260908,9781799509035,Barnes & Noble,Absolute Green Lantern: Rebirth (New Edition),100.0,https://www.barnesandnoble.com/w/absolute-green-lantern-geoff-johns/1112242692
260908,9781799509066,Barnes & Noble,Batman: Detective Comics by Ram V Omnibus,150.0,https://www.barnesandnoble.com/w/batman-ram-v/1149794822
260908,9781799509073,Barnes & Noble,Wonder Woman: Rebirth by Greg Rucka Omnibus,100.0,https://www.barnesandnoble.com/w/wonder-woman-greg-rucka/1149787674
260908,9781799509097,Barnes & Noble,Absolute Power Omnibus,150.0,https://www.barnesandnoble.com/w/absolute-power-omnibus-mark-waid/1149787710
260908,9781799509110,Barnes & Noble,Fables: No More Happily Ever After: DC Compact Comics Edition,9.99,https://www.barnesandnoble.com/w/fables-bill-willingham/1149787673
260908,9781799509172,Barnes & Noble,Batman by Grant Morrison Book Three,39.99,https://www.barnesandnoble.com/w/batman-by-grant-morrison-book-three-grant-morrison/1149794819
260908,9781799509295,Barnes & Noble,Swamp Thing: The Anatomy Lesson: DC Compact Comics Edition,9.99,https://www.barnesandnoble.com/w/swamp-thing-alan-moore/1149794818
260908,9781799509301,Barnes & Noble,Batman: Harley and Ivy: DC Compact Comics Edition,9.99,https://www.barnesandnoble.com/w/batman-paul-dini/1149794840
260908,9781799509387,Barnes & Noble,Green Lantern Vol. 6: With This Ring,17.99,https://www.barnesandnoble.com/w/green-lantern-vol-6-jeremy-adams/1149766556
260908,9781799509509,Barnes & Noble,Harley & Ivy: Life & Crimes,17.99,https://www.barnesandnoble.com/w/harley-ivy-erica-henderson/1149525615
260908,9781799510277,Barnes & Noble,DC Finest: Hard Traveling Heroes,39.99,https://www.barnesandnoble.com/w/dc-finest-dennis-oneil/1148625115
260908,9781799510291,Barnes & Noble,DC Finest: Green Lantern: Setting Up Shop,39.99,https://www.barnesandnoble.com/w/dc-finest-steve-englehart/1149794828
260908,9781799510307,Barnes & Noble,DC Finest: Batman: The Demon Lives Again!,39.99,https://www.barnesandnoble.com/w/dc-finest-frank-robbins/1149787769
260908,9781799510857,Barnes & Noble,DC K.O.,19.99,https://www.barnesandnoble.com/w/dc-ko-scott-snyder/1148683218
260908,9781799510888,Barnes & Noble,Absolute Martian Manhunter Vol. 2: The Agency,17.99,https://www.barnesandnoble.com/w/absolute-martian-manhunter-vol-2-deniz-camp/1149766578
260908,9781799512967,Barnes & Noble,DC K.O.: All Fight,19.99,https://www.barnesandnoble.com/w/dc-ko-various/1149667259
260908,9781799513162,Barnes & Noble,DC Finest: Batman: Blind Justice,39.99,https://www.barnesandnoble.com/w/dc-finest-sam-hamm/1148535205
260908,9781799513605,Barnes & Noble,DC Finest: Supergirl: Die and Let Live,39.99,https://www.barnesandnoble.com/w/dc-finest-peter-david/1148874997
260908,9781799515487,Barnes & Noble,DC K.O.: Battle Royale,19.99,https://www.barnesandnoble.com/w/dc-ko-joshua-williamson/1149724892
260908,9781799517092,Barnes & Noble,,,
260908,9781799517726,Barnes & Noble,Green Lantern: Kyle Rayner Vol. 1 (2026 Edition),34.99,https://www.barnesandnoble.com/w/green-lantern-ron-marz/1126002711
260908,9781846532979,Barnes & Noble,,,
260908,9785012256263,Barnes & Noble,,,
260908,9798887241296,Barnes & Noble,Teenage Mutant Ninja Turtles: The Last Ronin II--Re-Evolution,34.99,https://www.barnesandnoble.com/w/teenage-mutant-ninja-turtles-kevin-eastman/1146541659
260908,9798887244631,Barnes & Noble,Teenage Mutant Ninja Turtles: The Last Ronin,19.99,https://www.barnesandnoble.com/w/teenage-mutant-ninja-turtles-kevin-eastman/1139703282
260908,9798892155625,Barnes & Noble,Something is Killing the Children Omnibus Vol. 1,49.99,https://www.barnesandnoble.com/w/something-is-killing-the-children-omnibus-vol-1-james-tynion-iv/1146878947
260908,9798892156387,Barnes & Noble,BRZRKR Book One,39.99,https://www.barnesandnoble.com/w/brzrkr-book-one-keanu-reeves/1146878950
260908,9798892158763,Barnes & Noble,Something is Killing the Children Omnibus Vol. 2,49.99,https://www.barnesandnoble.com/w/something-is-killing-the-children-omnibus-vol-2-james-tynion-iv/1148819944
260908,9780062964083,Amazon,,,
260908,9780394747231,Amazon,,,
260908,9780785108559,Amazon,,,
260908,9780785120124,Amazon,,,
260908,9780785120469,Amazon,,,
260908,9780785121794,Amazon,,,
260908,9780785134503,Amazon,,,
260908,9780785134794,Amazon,Daredevil: The Man Without Fear,19.99,https://www.amazon.com/Daredevil-Without-Fear-Frank-Miller/dp/0785134794/ref=sr_1_1
260908,9780785137245,Amazon,Wolverine By Claremont & Miller (Wolverine (1982)),0.0,https://www.amazon.com/Wolverine-Claremont-Miller-Chris-ebook/dp/B00AAJR41O/ref=sr_1_1
260908,9780785142867,Amazon,Marvels,33.94,https://www.amazon.com/Marvels-Kurt-Busiek/dp/078514286X/ref=sr_1_1
260908,9780785154624,Amazon,Miracleman 1: A Dream of Flying,23.99,https://www.amazon.com/Miracleman-Book-1-Dream-Flying/dp/0785154620/ref=sr_1_1
260908,9780785157267,Amazon,"Marvel Graphic Novel #5: X-Men: God Loves, Man Kills (Marvel Graphic Novel (1982))",3.99,https://www.amazon.com/Marvel-Graphic-Novel-X-Men-Loves-ebook/dp/B00GDHWB7Y/ref=sr_1_1
260908,9780785167273,Amazon,Spider-Man: Death of the Stacys (Amazing Spider-Man (1963-1998)),4.99,https://www.amazon.com/Spider-Man-Death-Stacys-Amazing-1963-1998-ebook/dp/B00PSN1O86/ref=sr_1_1
260908,9780785168508,Amazon,Avengers Vs. Thanos,99.95,https://www.amazon.com/Avengers-vs-Thanos-Jim-Starlin/dp/0785168508/ref=sr_1_1
260908,9780785170723,Amazon,Iron Man: Demon In A Bottle [New Printing 2],24.99,https://www.amazon.com/Iron-Man-Demon-Bottle-Printing/dp/1302961810/ref=sr_1_1
260908,9780785170938,Amazon,Marvel Super Heroes Secret Wars (Marvel Super Heroes Secret Wars (1984-1985)),6.99,https://www.amazon.com/Marvel-Super-Heroes-Secret-1984-1985-ebook/dp/B00ARKCQ1O/ref=sr_1_1
260908,9780785178460,Amazon,Black Widow: The Name of the Rose (Black Widow (2010)),0.0,https://www.amazon.com/Black-Widow-Name-Rose-ebook/dp/B00AAJQWZ8/ref=sr_1_1
260908,9780785181934,Amazon,Wolverine and the X-Men By Jason Aaron Vol. 1,0.0,https://www.amazon.com/Wolverine-X-Men-Jason-Aaron-Vol-ebook/dp/B00EKM8Q4G/ref=sr_1_1
260908,9780785182092,Amazon,Daredevil by Bendis and Maleev Ultimate Collection Vol. 1 (Daredevil (1998-2011)),0.0,https://www.amazon.com/Daredevil-Bendis-Ultimate-Collection-1998-2011-ebook/dp/B00FH631VM/ref=sr_1_1
260908,9780785184546,Amazon,Dr. Strange & Dr. Doom: Triumph & Torment,,
260908,9780785190219,Amazon,Ms. Marvel Vol. 1: No Normal,9.07,https://www.amazon.com/Ms-Marvel-Vol-No-Normal/dp/078519021X/ref=sr_1_1
260908,9780785193647,Amazon,X-Men: Age of Apocalypse Vol. 1: Alpha,24.99,https://www.amazon.com/X-Men-Age-Apocalypse-Vol-Alpha-ebook/dp/B013H37TKA/ref=sr_1_1
260908,9780785194736,Amazon,Ultimate Invasion,17.73,https://www.amazon.com/ULTIMATE-INVASION-Jonathan-Hickman/dp/0785194738/ref=sr_1_1
260908,9780785198956,Amazon,Secret Wars,34.99,https://www.amazon.com/Secret-Wars-Jonathan-Hickman/dp/0785198954/ref=sr_1_1
260908,9780785199618,Amazon,Spider-Man: Miles Morales Vol. 1,15.99,https://www.amazon.com/Spider-Man-Miles-Morales-Vol-1/dp/0785199616/ref=sr_1_1
260908,9781302377045,Amazon,Daredevil by Frank Miller and Klaus Janson Vol. 1 (Daredevil (1964-1998)),0.0,https://www.amazon.com/Daredevil-Frank-Miller-Janson-1964-1998-ebook/dp/B00PSN1DOQ/ref=sr_1_1
260908,9781302402228,Amazon,Ms. Marvel Vol. 1: No Normal,9.07,https://www.amazon.com/Ms-Marvel-Vol-No-Normal/dp/078519021X/ref=sr_1_1
260908,9781302480998,Amazon,Venom by Rick Remender: The Complete Collection Vol. 1 (Venom (2011-2013)),0.0,https://www.amazon.com/Venom-Rick-Remender-Collection-2011-2013-ebook/dp/B00WUNKR9E/ref=sr_1_1
260908,9781302488673,Amazon,The Ultimates Omniversal 1: Start With the Impossible,0.0,https://www.amazon.com/Ultimates-Omniversal-Vol-Start-Impossible/dp/0785196706/ref=sr_1_1
260908,9781302494926,Amazon,Nighthawk: Hate Makes Hate,5.49,https://www.amazon.com/Nighthawk-Makes-David-F-Walker/dp/1302901621/ref=sr_1_1
260908,9781302513603,Amazon,"Miles Morales: Ultimate Spider-Man Ultimate Collection Book 1 (Ultimate Spider-Man (Graphic Novels), 1)",0.0,https://www.amazon.com/Miles-Morales-Ultimate-Spider-Man-Collection/dp/0785197788/ref=sr_1_1
260908,9781302515072,Amazon,New Mutants Epic Collection: The Demon Bear Saga (New Mutants (1983-1991)),0.0,https://www.amazon.com/New-Mutants-Epic-Collection-1983-1991-ebook/dp/B07SZJFQD3/ref=sr_1_1
260908,9781302515492,Amazon,"Captain America, Vol. 1: Winter Soldier Ultimate Collection",16.99,https://www.amazon.com/Captain-America-Vol-Ultimate-Collection/dp/0785143416/ref=sr_1_1
260908,9781302517946,Amazon,Secret Warriors 1,7.99,https://www.amazon.com/Secret-Warriors-Complete-Collection-1/dp/078519763X/ref=sr_1_1
260908,9781302517960,Amazon,Daredevil by Mark Waid Vol. 1 Collection (Daredevil by Mark Waid and Chris Samnee Collection),0.0,https://www.amazon.com/Daredevil-Mark-Collection-Chris-Samnee-ebook/dp/B07ZPDNCWS/ref=sr_1_1
260908,9781302900533,Amazon,Black Panther: A Nation Under Our Feet Book 1,12.56,https://www.amazon.com/Black-Panther-Nation-Under-Feet/dp/1302900536/ref=sr_1_1
260908,9781302901905,Amazon,Black Panther Epic Collection: Panther's Rage (Jungle Action (1973-1976)),24.99,https://www.amazon.com/Black-Panther-Epic-Collection-1973-1976-ebook/dp/B01LWAH7I8/ref=sr_1_1
260908,9781302901967,Amazon,New X-Men Omnibus (New X-Men (2001-2004)),0.0,https://www.amazon.com/New-X-Men-Omnibus-2001-2004-ebook/dp/B0B35G4WZ3/ref=sr_1_1
260908,9781302907693,Amazon,Hulk: Planet Hulk Omnibus (Incredible Hulk (1999-2007)),10.99,https://www.amazon.com/Hulk-Planet-Omnibus-Incredible-1999-2007-ebook/dp/B0BLT4JPB9/ref=sr_1_1
260908,9781302911386,Amazon,Doctor Strange Epic Collection: Master Of The Mystic Arts (Strange Tales (1951-1968) Book 1),19.99,https://www.amazon.com/Doctor-Strange-Epic-Collection-1951-1968-ebook/dp/B07G8NTC72/ref=sr_1_1
260908,9781302912123,Amazon,X-Men: The Dark Phoenix Saga,,
260908,9781302912550,Amazon,Immortal Hulk Vol. 1: Or Is He Both?,0.0,https://www.amazon.com/Immortal-Hulk-Vol-He-Both/dp/1302912550/ref=sr_1_1
260908,9781302913274,Amazon,Fantastic Four Omnibus Vol. 1 (Fantastic Four (1961-1996)),0.0,https://www.amazon.com/Fantastic-Four-Omnibus-Vol-1961-1996-ebook/dp/B0B35DZ33F/ref=sr_1_1
260908,9781302913281,Amazon,Fantastic Four by John Byrne Omnibus Vol. 1 (Fantastic Four (1961-1996)),39.99,https://www.amazon.com/Fantastic-Four-Byrne-Omnibus-1961-1996-ebook/dp/B0B1GYHNLQ/ref=sr_1_1
260908,9781302914981,Amazon,Daredevil By Chip Zdarsky Vol. 1: Know Fear,15.99,https://www.amazon.com/Daredevil-Chip-Zdarsky-Vol-Know/dp/1302914987/ref=sr_1_1
260908,9781302914998,Amazon,"Daredevil By Chip Zdarsky Vol. 2: No Devils, Only God",15.99,https://www.amazon.com/Daredevil-Chip-Zdarsky-Vol-Devils/dp/1302914995/ref=sr_1_1
260908,9781302915469,Amazon,She-Hulk by Soule & Pulido: The Complete Collection (She-Hulk (2014-2015) Book 1),19.99,https://www.amazon.com/She-Hulk-Soule-Pulido-Collection-2014-2015-ebook/dp/B07JHNWGF2/ref=sr_1_1
260908,9781302915704,Amazon,House Of X/Powers Of X,28.35,https://www.amazon.com/House-X-Powers-Pepe-Larraz/dp/1302915711/ref=sr_1_1
260908,9781302917333,Amazon,Spider-Man: Life Story,24.99,https://www.amazon.com/Spider-Man-Life-Story-Chip-Zdarsky/dp/1302917331/ref=sr_1_1
260908,9781302923730,Amazon,Spider-Man By Todd Mcfarlane: The Complete Collection,6.99,https://www.amazon.com/Spider-Man-Todd-Mcfarlane-Complete-Collection/dp/1302923730/ref=sr_1_1
260908,9781302931872,Amazon,Ultimate Spider-Man Omnibus Vol. 1 (Ultimate Spider-Man (2000-2009)),39.99,https://www.amazon.com/Ultimate-Spider-Man-Omnibus-Vol-2000-2009-ebook/dp/B09NZQ9CMF/ref=sr_1_1
260908,9781302933630,Amazon,Moon Knight By Lemire & Smallwood: The Complete Collection,21.62,https://www.amazon.com/Moon-Knight-Lemire-Smallwood-Collection/dp/1302933639/ref=sr_1_1
260908,9781302944285,Amazon,X-Men Red By Al Ewing Vol. 1,0.0,https://www.amazon.com/X-Men-Red-Al-Ewing-Vol/dp/1302932837/ref=sr_1_1
260908,9781302945633,Amazon,The Amazing Spider-Man Omnibus Vol. 1 (Amazing Spider-Man (1963-1998)),39.99,https://www.amazon.com/Amazing-Spider-Man-Omnibus-Vol-1963-1998-ebook/dp/B09V8BS2KF/ref=sr_1_1
260908,9781302945947,Amazon,Daredevil Epic Collection: It Comes With The Claws,24.99,https://www.amazon.com/Daredevil-Epic-Collection-Comes-Claws/dp/1302945947/ref=sr_1_1
260908,9781302947729,Amazon,Daredevil By Saladin Ahmed Vol. 1: Hell Breaks Loose,19.99,https://www.amazon.com/Daredevil-Saladin-Ahmed-Vol-Breaks/dp/1302947729/ref=sr_1_1
260908,9781302950330,Amazon,Amazing Spider-Man Epic Collection: Kraven's Last Hunt [New Printing],41.04,https://www.amazon.com/Amazing-Spider-Man-Epic-Collection-Printing/dp/1302950339/ref=sr_1_1
260908,9781302950507,Amazon,X-Men Epic Collection: The Fate Of The Phoenix,6.99,https://www.amazon.com/X-Men-Epic-Collection-Phoenix-1963-2011-ebook/dp/B08R1BXPWW/ref=sr_1_1
260908,9781302952747,Amazon,Civil War II [New Printing],34.99,https://www.amazon.com/CIVIL-WAR-NEW-PRINTING-Civil/dp/1302952749/ref=sr_1_1
260908,9781302954161,Amazon,Incredible Hulk Vol. 1: Age Of Monsters,19.99,https://www.amazon.com/Incredible-Hulk-Vol-Age-Monsters/dp/1302954164/ref=sr_1_1
260908,9781302955236,Amazon,Avengers Epic Collection: The Evil Reborn,27.7,https://www.amazon.com/Avengers-Epic-Collection-Evil-Reborn/dp/1302955233/ref=sr_1_1
260908,9781302955595,Amazon,"X-Men Epic Collection: God Loves, Man Kills",38.5,https://www.amazon.com/X-Men-Epic-Collection-Loves-Kills/dp/1302955594/ref=sr_1_1
260908,9781302956219,Amazon,Daredevil By Chip Zdarsky Omnibus Vol. 1 Tedesco Cover,67.45,https://www.amazon.com/Daredevil-Zdarsky-Omnibus-Tedesco-Cover/dp/1302956213/ref=sr_1_1
260908,9781302957292,Amazon,Ultimate Spider-Man By Jonathan Hickman Vol. 1: Married With Children,11.0,https://www.amazon.com/Ultimate-Spider-Man-Jonathan-Hickman-Vol/dp/1302957295/ref=sr_1_1
260908,9781302957308,Amazon,Ultimate Black Panther By Bryan Hill Vol. 1: Peace And War,12.32,https://www.amazon.com/Ultimate-Black-Panther-Bryan-Hill/dp/1302957309/ref=sr_1_1
260908,9781302957513,Amazon,Ultimates By Deniz Camp Vol. 1: Fix The World,12.35,https://www.amazon.com/Ultimates-Deniz-Camp-Vol-World/dp/1302957511/ref=sr_1_1
260908,9781302957810,Amazon,Amazing Spider-Man Epic Collection: The Secret Of The Petrified Tablet,6.99,https://www.amazon.com/Amazing-Spider-Man-Epic-Collection-Petrified-ebook/dp/B082QMYBN9/ref=sr_1_1
260908,9781302957834,Amazon,X-Men Epic Collection: Children Of The Atom,2.99,https://www.amazon.com/X-Men-Epic-Collection-Children-1963-2011-ebook/dp/B07XYGTRMD/ref=sr_1_1
260908,9781302957902,Amazon,Amazing Spider-Man Epic Collection: Assassin Nation [New Printing],24.77,https://www.amazon.com/Amazing-Spider-Man-Epic-Collection-Assassin/dp/1302957902/ref=sr_1_1
260908,9781302957964,Amazon,New X-Men Modern Era Epic Collection: E Is For Extinction (X-Men Epic Collection),31.15,https://www.amazon.com/New-X-Men-Modern-Epic-Collection/dp/1302957961/ref=sr_1_1
260908,9781302958190,Amazon,Ultimates By Deniz Camp Vol. 3: Rescue Mission,18.63,https://www.amazon.com/Ultimates-Deniz-Camp-Vol-Mission/dp/1302958194/ref=sr_1_1
260908,9781302958206,Amazon,Ultimates By Deniz Camp Vol. 4: Uprising,18.63,https://www.amazon.com/Ultimates-Deniz-Camp-Vol-Uprising/dp/1302958208/ref=sr_1_1
260908,9781302958237,Amazon,Ultimate Black Panther By Bryan Hill Vol. 2: Gods And Kings,11.99,https://www.amazon.com/Ultimate-Black-Panther-Bryan-Hill/dp/1302958232/ref=sr_1_1
260908,9781302958251,Amazon,Ultimate Black Panther By Bryan Hill Vol. 4: Destiny and Destruction,17.99,https://www.amazon.com/Ultimate-Black-Panther-Bryan-Hill/dp/1302958259/ref=sr_1_1
260908,9781302958282,Amazon,Ultimate Spider-Man By Jonathan Hickman Vol. 2: The Paper,12.84,https://www.amazon.com/Ultimate-Spider-Man-Jonathan-Hickman-Vol/dp/1302958283/ref=sr_1_1
260908,9781302958299,Amazon,Ultimate Spider-Man By Jonathan Hickman Vol. 3: Family Business,12.6,https://www.amazon.com/Ultimate-Spider-Man-Jonathan-Hickman-Vol/dp/1302958291/ref=sr_1_1
260908,9781302958305,Amazon,Ultimate Spider-Man By Jonathan Hickman Vol. 4: One Last Day,18.63,https://www.amazon.com/Ultimate-Spider-Man-Jonathan-Hickman-Vol/dp/1302958305/ref=sr_1_1
260908,9781302958336,Amazon,Ultimate X-Men By Peach Momoko Vol. 2: Children Of The Atom,13.58,https://www.amazon.com/Ultimate-X-Men-Peach-Momoko-Vol/dp/130295833X/ref=sr_1_1
260908,9781302958343,Amazon,Ultimate X-Men By Peach Momoko Vol. 3: The Realm Of The Mind,15.3,https://www.amazon.com/Ultimate-X-Men-Peach-Momoko-Vol/dp/1302958348/ref=sr_1_1
260908,9781302958350,Amazon,Ultimate X-Men By Peach Momoko Vol. 4: Children's Whereabouts,19.99,https://www.amazon.com/Ultimate-X-Men-Peach-Momoko-Vol/dp/1302958356/ref=sr_1_1
260908,9781302960490,Amazon,Amazing Spider-Man Epic Collection: Spider-Man - Threat Or Menace?,54.99,https://www.amazon.com/Amazing-Spider-Man-Epic-Collection-Threat/dp/1302960490/ref=sr_1_1
260908,9781302960513,Amazon,Blade Epic Collection: His Name Is...Blade,54.99,https://www.amazon.com/Blade-Epic-Collection-His-Name/dp/1302960512/ref=sr_1_1
260908,9781302960889,Amazon,X-Men By Jed Mackay Vol. 4: Age Of Revelation Aftermath,15.99,https://www.amazon.com/X-Men-Jed-Mackay-Vol-Revelation/dp/1302960881/ref=sr_1_1
260908,9781302962005,Amazon,Jeph Loeb & Tim Sale: Spider-Man,19.99,https://www.amazon.com/Jeph-Loeb-Tim-Sale-Spider-Man/dp/1302962000/ref=sr_1_1
260908,9781302962012,Amazon,Jeph Loeb & Tim Sale: Daredevil,19.99,https://www.amazon.com/Jeph-Loeb-Tim-Sale-Daredevil/dp/1302962019/ref=sr_1_1
260908,9781302962029,Amazon,Jeph Loeb & Tim Sale: Hulk,10.99,https://www.amazon.com/Jeph-Loeb-Tim-Sale-Hulk/dp/1302962027/ref=sr_1_1
260908,9781302962036,Amazon,Jeph Loeb & Tim Sale: Captain America (CAPTAIN AMERICA: WHITE),18.42,https://www.amazon.com/Jeph-Loeb-Tim-Sale-Captain/dp/1302962035/ref=sr_1_1
260908,9781302962050,Amazon,Ultimate Wolverine Vol. 1: The Winter Soldier,15.8,https://www.amazon.com/Ultimate-Wolverine-Vol-Winter-Soldier/dp/1302962051/ref=sr_1_1
260908,9781302962067,Amazon,Ultimate Wolverine Vol. 2: Logan,17.99,https://www.amazon.com/Ultimate-Wolverine-Vol-2-Logan/dp/130296206X/ref=sr_1_1
260908,9781302963002,Amazon,Ultimate Spider-Man Epic Collection: Learning Curve,39.99,https://www.amazon.com/Ultimate-Spider-Man-Epic-Collection-Learning/dp/1302963007/ref=sr_1_1
260908,9781302964023,Amazon,New Avengers Vol. 2: The Other Woman,15.99,https://www.amazon.com/New-Avengers-Vol-Other-Woman/dp/130296402X/ref=sr_1_1
260908,9781302964726,Amazon,Amazing Spider-Man: Torn,17.7,https://www.amazon.com/Amazing-Spider-Man-J-Michael-Straczynski/dp/1302964720/ref=sr_1_1
260908,9781302964818,Amazon,Ultimate Incursion (ULTIMATE SPIDER-MAN: INCURSION),11.45,https://www.amazon.com/Ultimate-Incursion-ULTIMATE-SPIDER-MAN-INCURSION/dp/130296481X/ref=sr_1_1
260908,9781302964863,Amazon,Captain America: The Winter Soldier [Marvel Premier Collection],12.17,https://www.amazon.com/Captain-America-Soldier-Premier-Collection/dp/1302964860/ref=sr_1_1
260908,9781302964870,Amazon,Fantastic Four: Solve Everything [Marvel Premier Collection],8.25,https://www.amazon.com/Fantastic-Four-Everything-Premier-Collection/dp/1302964879/ref=sr_1_1
260908,9781302965402,Amazon,Amazing Spider-Man Modern Era Epic Collection: The Life And Death Of Spiders,35.96,https://www.amazon.com/Amazing-Spider-Man-Modern-Epic-Collection/dp/1302965409/ref=sr_1_1
260908,9781302965549,Amazon,Civil War [Marvel Premier Collection],12.17,https://www.amazon.com/Civil-War-Marvel-Premier-Collection/dp/1302965549/ref=sr_1_1
260908,9781302965556,Amazon,Hawkeye: My Life As A Weapon [Marvel Premier Collection],12.17,https://www.amazon.com/Hawkeye-Weapon-Marvel-Premier-Collection/dp/1302965557/ref=sr_1_1
260908,9781302965563,Amazon,Spider-Men: Worlds Collide [Marvel Premier Collection],13.97,https://www.amazon.com/Spider-Men-Worlds-Collide-Premier-Collection/dp/1302965565/ref=sr_1_1
260908,9781302965570,Amazon,The Visions [Marvel Premier Collection],14.62,https://www.amazon.com/Visions-Marvel-Premier-Collection/dp/1302965573/ref=sr_1_1
260908,9781302965587,Amazon,Wolverine: Old Man Logan [Marvel Premier Collection],12.17,https://www.amazon.com/Wolverine-Logan-Marvel-Premier-Collection/dp/1302965581/ref=sr_1_1
260908,9781302965983,Amazon,Daredevil: Born Again [Marvel Premier Collection],11.27,https://www.amazon.com/Daredevil-Again-Marvel-Premier-Collection/dp/1302965980/ref=sr_1_1
260908,9781302966638,Amazon,Amazing Spider-Man By Zeb Wells Omnibus Vol. 2 John Romita Jr. Cover,98.94,https://www.amazon.com/Amazing-Spider-Man-Wells-Omnibus-Romita/dp/1302966634/ref=sr_1_1
260908,9781302966690,Amazon,Avengers: Time Runs Out [Marvel Premier Collection],13.99,https://www.amazon.com/Avengers-Time-Marvel-Premier-Collection/dp/1302966693/ref=sr_1_1
260908,9781302966737,Amazon,X-Men: The Messiah Trilogy Omnibus David Finch Cover,125.0,https://www.amazon.com/X-Men-Messiah-Trilogy-Omnibus-David/dp/1302966731/ref=sr_1_1
260908,9781302967086,Amazon,Amazing Spider-Man Modern Era Epic Collection: Sins Past,38.64,https://www.amazon.com/Amazing-Spider-Man-Modern-Epic-Collection/dp/1302967088/ref=sr_1_1
260908,9781302967109,Amazon,New X-Men Modern Era Epic Collection: Planet X,28.12,https://www.amazon.com/New-X-Men-Modern-Epic-Collection/dp/130296710X/ref=sr_1_1
260908,9781302967123,Amazon,Amazing Spider-Man Modern Era Epic Collection: Spider-Island,43.29,https://www.amazon.com/Amazing-Spider-Man-Modern-Epic-Collection/dp/1302967126/ref=sr_1_1
260908,9781302967147,Amazon,Deadpool Modern Era Epic Collection: X X Baby,41.83,https://www.amazon.com/Deadpool-Modern-Era-Epic-Collection/dp/1302967142/ref=sr_1_1
260908,9781302967307,Amazon,Ultimate Endgame,16.77,https://www.amazon.com/Ultimate-Endgame-DENIZ-CAMP/dp/1302967304/ref=sr_1_1
260908,9781302967826,Amazon,Punisher & Fury Max By Garth Ennis Omnibus Dave Johnson Cover (PUNISHER: THE PLATOON),74.34,https://www.amazon.com/Punisher-Garth-Omnibus-Johnson-PUNISHER/dp/1302967827/ref=sr_1_1
260908,9781302967857,Amazon,Amazing Spider-Man Epic Collection: Spider-Man No More [New Printing 2],33.0,https://www.amazon.com/Amazing-Spider-Man-Epic-Collection-Printing/dp/1302967851/ref=sr_1_1
260908,9781302967888,Amazon,X-Men Epic Collection: The X-Cutioner's Song [New Printing],46.82,https://www.amazon.com/X-Men-Epic-Collection-X-Cutioners-Printing/dp/1302967886/ref=sr_1_1
260908,9781302967949,Amazon,Ultimate Spider-Man Epic Collection: Hunted,42.99,https://www.amazon.com/Ultimate-Spider-Man-Epic-Collection-Hunted/dp/1302967940/ref=sr_1_1
260908,9781302968120,Amazon,Ultimate Wolverine Vol. 3: The Maker's Mark,15.99,https://www.amazon.com/Ultimate-Wolverine-Vol-Makers-Mark/dp/1302968122/ref=sr_1_1
260908,9781302968168,Amazon,Infamous Iron Man: The Rise Of Doom,19.99,https://www.amazon.com/Infamous-Iron-Man-Rise-Doom/dp/1302968165/ref=sr_1_1
260908,9781302968342,Amazon,Daredevil: Back In Black,24.99,https://www.amazon.com/Daredevil-Back-Black-Charles-Soule/dp/1302968343/ref=sr_1_1
260908,9781302968359,Amazon,Daredevil: The Dark Art (DAREDEVIL: BACK IN BLACK),23.29,https://www.amazon.com/Daredevil-Dark-DAREDEVIL-BACK-BLACK/dp/1302968351/ref=sr_1_1
260908,9781302968458,Amazon,Doctor Doom Epic Collection: Revolution In Latveria,43.57,https://www.amazon.com/Doctor-Doom-Epic-Collection-Revolution/dp/1302968459/ref=sr_1_1
260908,9781302968571,Amazon,Web Of Spider-Man Omnibus Vol. 2 Bob Budiansky Cover,150.0,https://www.amazon.com/Spider-Man-Omnibus-Vol-Budiansky-Cover/dp/1302968572/ref=sr_1_1
260908,9781302968632,Amazon,Wolverine: Not Dead Yet Omnibus Leinil Yu Cover,132.67,https://www.amazon.com/Wolverine-Dead-Omnibus-Leinil-Cover/dp/1302968637/ref=sr_1_1
260908,9781302968663,Amazon,Spider-Man: Brand New Day,9.31,https://www.amazon.com/Spider-Man-Brand-New-Zeb-Wells/dp/1302968661/ref=sr_1_1
260908,9781302968830,Amazon,Daredevil By Nocenti & Romita Jr. Omnibus Vol. 2 John Romita Jr. Cover,96.06,https://www.amazon.com/Daredevil-Nocenti-Romita-Omnibus-Cover/dp/1302968831/ref=sr_1_1
260908,9781302968922,Amazon,Hulk: Smash Everything,17.99,https://www.amazon.com/Hulk-Smash-Everything-Ryan-North/dp/1302968920/ref=sr_1_1
260908,9781302968939,Amazon,The Superior Foes Of Spider-Man,20.22,https://www.amazon.com/Superior-Foes-Spider-Man-Nick-Spencer/dp/1302968939/ref=sr_1_1
260908,9781302969097,Amazon,Planet Hulk [Marvel Premier Collection],14.99,https://www.amazon.com/Planet-Hulk-Marvel-Premier-Collection/dp/1302969099/ref=sr_1_1
260908,9781302969325,Amazon,"Punisher: Welcome Back, Frank [Marvel Premier Collection]",13.97,https://www.amazon.com/Punisher-Welcome-Marvel-Premier-Collection/dp/1302969323/ref=sr_1_1
260908,9781302969691,Amazon,Wolverine Epic Collection: Valley Of Death,46.82,https://www.amazon.com/Wolverine-Epic-Collection-Valley-Death/dp/1302969692/ref=sr_1_1
260908,9781302969776,Amazon,Spider-Girl Modern Era Epic Collection: Comes The Carnage!,43.47,https://www.amazon.com/Spider-Girl-Modern-Era-Epic-Collection/dp/1302969773/ref=sr_1_1
260908,9781302969998,Amazon,Spider-Man Omnibus by Chip Zdarsky,,
260908,9781302970024,Amazon,Miles Morales: Spider-Man Modern Era Epic Collection: Sitting In A Tree,41.43,https://www.amazon.com/Miles-Morales-Spider-Man-Collection-Sitting/dp/130297002X/ref=sr_1_1
260908,9781302970291,Amazon,Avengers: Secret Wars [Marvel Premier Collection],14.99,https://www.amazon.com/Avengers-Secret-Marvel-Premier-Collection/dp/1302970291/ref=sr_1_1
260908,9781302970567,Amazon,X-Men: Yesterday's X-Men [Marvel Premier Collection],14.29,https://www.amazon.com/X-Men-Yesterdays-Marvel-Premier-Collection/dp/1302970569/ref=sr_1_1
260908,9781302970659,Amazon,Ultimate Spider-Man Omnibus Vol. 2 Mark Bagley Fiftieth Issue Cover [New Printing],97.8,https://www.amazon.com/Ultimate-Spider-Man-Omnibus-Fiftieth-Printing/dp/1302970658/ref=sr_1_1
260908,9781401201920,Amazon,"Birds of Prey, Vol. 1: Of Like Minds",,
260908,9781401207526,Amazon,Batman: Year One,12.74,https://www.amazon.com/Batman-Year-One-Frank-Miller/dp/1401207529/ref=sr_1_1
260908,9781401212414,Amazon,Batman and Son (Batman (1940-2011)),12.99,https://www.amazon.com/Batman-Son-Grant-Morrison-ebook/dp/B0064W67F0/ref=sr_1_1
260908,9781401213596,Amazon,Batman: Ego and Other Tails,17.99,https://www.amazon.com/Batman-Other-Tails-Darwyn-Cooke/dp/1401213596/ref=sr_1_1
260908,9781401216269,Amazon,Batman: The Man Who Laughs,14.99,https://www.amazon.com/Batman-Man-Laughs-Ed-Brubaker/dp/1401216269/ref=sr_1_1
260908,9781401216993,Amazon,"The Starman Omnibus, Vol. 1",,
260908,9781401219215,Amazon,Y: The Last Man Book One,17.79,https://www.amazon.com/Y-Last-Man-Book-One/dp/140125151X/ref=sr_1_1
260908,9781401219239,Amazon,"Gotham Central, Book 1: In the Line of Duty",12.84,https://www.amazon.com/Gotham-Central-Book-Line-Duty/dp/1401220371/ref=sr_1_1
260908,9781401220341,Amazon,Kingdom Come,,
260908,9781401225759,Amazon,The Sandman Vol. 1: Preludes & Nocturnes (New Edition),13.72,https://www.amazon.com/Sandman-Vol-Preludes-Nocturnes-New/dp/1401225756/ref=sr_1_1
260908,9781401225766,Amazon,Batman: R.I.P. by Grant Morrison and Tony S. Daniel: Absolute Edition (Batman R.i.p. Absolute Edition),76.49,https://www.amazon.com/Batman-R-I-P-Morrison-Daniel-Absolute/dp/1799507602/ref=sr_1_1
260908,9781401229870,Amazon,Batman and Robin (2009-2011) Vol. 1: Batman Reborn (Batman by Grant Morrison series Book 7),0.0,https://www.amazon.com/Batman-Robin-Vol-Reborn-Morrison-ebook/dp/B0064W64K8/ref=sr_1_1
260908,9781401231453,Amazon,Batman: Under the Red Hood,22.85,https://www.amazon.com/Batman-Under-Hood-Judd-Winick/dp/1401231454/ref=sr_1_1
260908,9781401232054,Amazon,All-Star Superman,0.0,https://www.amazon.com/Audible-All-Star-Superman/dp/B0F7J2Y2PQ/ref=sr_1_1
260908,9781401232078,Amazon,Batman: The Black Mirror,15.61,https://www.amazon.com/Batman-Black-Mirror-Scott-Snyder/dp/1401232078/ref=sr_1_1
260908,9781401232597,Amazon,Batman: The Long Halloween,19.41,https://www.amazon.com/Batman-Long-Halloween-Jeph-Loeb/dp/1401232590/ref=sr_1_1
260908,9781401232740,Amazon,Batman: A Death in the Family,14.99,https://www.amazon.com/Batman-Death-Family-Jim-Starlin/dp/1401232744/ref=sr_1_1
260908,9781401232993,Amazon,Superman: Secret Origin,9.99,https://www.amazon.com/Superman-Secret-Origin-GEOFF-JOHNS-ebook/dp/B00CU16E6Q/ref=sr_1_1
260908,9781401233143,Amazon,JLA (1997-2006) Vol. 1,9.99,https://www.amazon.com/JLA-1997-2006-Vol-Grant-Morrison-ebook/dp/B008YP1WJG/ref=sr_1_1
260908,9781401233792,Amazon,"Batman: Knightfall, Vol. 1",0.0,https://www.amazon.com/Batman-Knightfall-Vol-Doug-Moench/dp/1401233791/ref=sr_1_1
260908,9781401233846,Amazon,Catwoman Vol. 1: Trail of the Catwoman,9.99,https://www.amazon.com/Catwoman-Vol-1-Trail/dp/1401233848/ref=sr_1_1
260908,9781401234553,Amazon,"Green Lantern, Vol. 1: Sinestro",4.99,https://www.amazon.com/Green-Lantern-Vol-Sinestro-New/dp/1401234550/ref=sr_1_1
260908,9781401235178,Amazon,Green Lantern/Green Arrow (Green Lantern (1960-1986)),9.99,https://www.amazon.com/Green-Lantern-Arrow-ebook/dp/B0091Z4X9O/ref=sr_1_1
260908,9781401235420,Amazon,Batman Vol. 1: The Court of Owls (The New 52),9.39,https://www.amazon.com/Batman-Vol-Court-Comics-Paperback/dp/1401235425/ref=sr_1_1
260908,9781401238025,Amazon,"John Constantine, Hellblazer Vol. 5: Dangerous Habits (New Edition) (John Constantive: Hellblazer (Graphic Novels))",0.0,https://www.amazon.com/John-Constantine-Hellblazer-Vol-Constantive/dp/1401238025/ref=sr_1_1
260908,9781401238964,Amazon,Watchmen: The Deluxe Edition,25.11,https://www.amazon.com/Watchmen-Deluxe-Alan-Moore/dp/1401238963/ref=sr_1_1
260908,9781401240332,Amazon,Batgirl/Robin: Year One,9.99,https://www.amazon.com/Batgirl-Robin-Year-CHUCK-DIXON-ebook/dp/B00D7X9POY/ref=sr_1_1
260908,9781401240455,Amazon,Preacher Book One,12.04,https://www.amazon.com/Preacher-Book-One-Garth-Ennis/dp/1401240453/ref=sr_1_1
260908,9781401244019,Amazon,Batman: Dark Victory (New Edition),23.17,https://www.amazon.com/Batman-Dark-Victory-Jeph-Loeb/dp/1401244017/ref=sr_1_1
260908,9781401244163,Amazon,Legion of Super-Heroes: The Great Darkness Saga Deluxe Edition (2025 Edition),28.0,https://www.amazon.com/Legion-Super-Heroes-Great-Darkness-Deluxe/dp/1799500667/ref=sr_1_1
260908,9781401245252,Amazon,Watchmen (2019 Edition),0.0,https://www.amazon.com/Watchmen-2019-Alan-Moore-ebook/dp/B07ST6DPBQ/ref=sr_1_1
260908,9781401248888,Amazon,DC: The New Frontier Deluxe Edition,58.0,https://www.amazon.com/DC-Frontier-Deluxe-Darwyn-Cooke/dp/1401248888/ref=sr_1_1
260908,9781401251345,Amazon,Green Lantern by Geoff Johns Omnibus Vol. 1,89.78,https://www.amazon.com/Green-Lantern-Geoff-Johns-Omnibus/dp/140125134X/ref=sr_1_1
260908,9781401251468,Amazon,Punk Rock Jesus: Deluxe Edition,16.19,https://www.amazon.com/Punk-Rock-Jesus-Deluxe-Murphy-ebook/dp/B00MV1NYXQ/ref=sr_1_1
260908,9781401253134,Amazon,Justice League International Vol. 1,9.99,https://www.amazon.com/Justice-League-International-Vol-1-ebook/dp/B00K7EIXA8/ref=sr_1_1
260908,9781401254728,Amazon,Gotham Academy Vol. 1: Welcome to Gotham Academy (The New 52),17.98,https://www.amazon.com/Gotham-Academy-Vol-Welcome-New/dp/1401254721/ref=sr_1_1
260908,9781401255268,Amazon,Green Lantern by Geoff Johns Omnibus Vol. 2,87.5,https://www.amazon.com/Green-Lantern-Geoff-Johns-Omnibus/dp/1401255264/ref=sr_1_1
260908,9781401257965,Amazon,Absolute Green Lantern/Green Arrow,99.99,https://www.amazon.com/Absolute-Green-Lantern-Arrow/dp/1401257968/ref=sr_1_1
260908,9781401257989,Amazon,Batgirl Vol. 1: Batgirl of Burnside,11.49,https://www.amazon.com/Batgirl-Vol-1-Burnside/dp/1401257984/ref=sr_1_1
260908,9781401258207,Amazon,Green Lantern by Geoff Johns Omnibus Vol. 3,89.86,https://www.amazon.com/Green-Lantern-Geoff-Johns-Omnibus/dp/1401258204/ref=sr_1_1
260908,9781401258238,Amazon,Justice League: A League of One,38.26,https://www.amazon.com/Justice-League-One-Christopher-Moeller/dp/1401258239/ref=sr_1_1
260908,9781401258313,Amazon,Suicide Squad Vol. 1: Trial by Fire,14.94,https://www.amazon.com/Suicide-Squad-Vol-Trial-Fire/dp/140125831X/ref=sr_1_1
260908,9781401263119,Amazon,Batman: The Dark Knight Returns 30th Anniversary Edition,19.99,https://www.amazon.com/Batman-Dark-Knight-Returns-Anniversary/dp/1401263119/ref=sr_1_1
260908,9781401263126,Amazon,Doom Patrol Book One,34.99,https://www.amazon.com/Doom-Patrol-Book-Grant-Morrison/dp/1401263127/ref=sr_1_1
260908,9781401263522,Amazon,Batgirl (2000-2006) Vol. 2: To the Death,9.99,https://www.amazon.com/Batgirl-2000-2006-Vol-2-Death-ebook/dp/B01GKGAVRY/ref=sr_1_1
260908,9781401265854,Amazon,Batgirl Vol. 3: Point Blank,9.99,https://www.amazon.com/Batgirl-Vol-3-Point-Blank/dp/1401265855/ref=sr_1_1
260908,9781401267353,Amazon,Flash by Mark Waid: Book One (The Flash (1987-2009) 1),9.99,https://www.amazon.com/Flash-Mark-Waid-Book-1987-2009-ebook/dp/B01MQ0X9EN/ref=sr_1_1
260908,9781401267452,Amazon,Injustice: Gods Among Us Year One: The Complete Collection,16.05,https://www.amazon.com/Injustice-Gods-Among-Complete-Collection/dp/1401262791/ref=sr_1_1
260908,9781401268237,Amazon,Deathstroke (2016-) Vol. 1: The Professional,9.99,https://www.amazon.com/Deathstroke-2016-Vol-1-Professional-ebook/dp/B01LWSRZUQ/ref=sr_1_1
260908,9781401270261,Amazon,52 Volume 1,39.0,https://www.amazon.com/52-1-Grant-Morrison/dp/1401263259/ref=sr_1_1
260908,9781401271947,Amazon,Wonder Woman By George Perez Vol. 1,0.0,https://www.amazon.com/Wonder-Woman-George-Perez-Vol/dp/1401263755/ref=sr_1_1
260908,9781401274375,Amazon,Absolute Justice League: Origin,67.32,https://www.amazon.com/Absolute-Justice-League-Geoff-Johns/dp/1401274374/ref=sr_1_1
260908,9781401278991,Amazon,Doom Patrol by Gerard Way and Nick Derington: The Deluxe Edition,37.27,https://www.amazon.com/Doom-Patrol-Gerard-Nick-Derington/dp/1779521383/ref=sr_1_1
260908,9781401283292,Amazon,Harley Quinn: Breaking Glass,19.0,https://www.amazon.com/Harley-Quinn-Breaking-Mariko-Tamaki/dp/1401283292/ref=sr_1_1
260908,9781401283544,Amazon,Mister Miracle,21.73,https://www.amazon.com/Mister-Miracle-Tom-King/dp/1401283543/ref=sr_1_1
260908,9781401284626,Amazon,Absolute Kingdom Come (New Edition),57.79,https://www.amazon.com/Absolute-Kingdom-Come-Mark-Waid/dp/1401284620/ref=sr_1_1
260908,9781401286231,Amazon,Teen Titans: Raven,9.51,https://www.amazon.com/Teen-Titans-Raven-Kami-Garcia/dp/1401286232/ref=sr_1_1
260908,9781401287191,Amazon,Teen Titans: Beast Boy,8.85,https://www.amazon.com/Teen-Titans-Beast-Kami-Garcia/dp/1401287190/ref=sr_1_1
260908,9781401288136,Amazon,Flash & Green Lantern: The Brave & The Bold Deluxe Edition (Flash & Green Lantern: The Brave & The Bold (1999-2000)),14.74,https://www.amazon.com/Flash-Green-Lantern-Deluxe-1999-2000-ebook/dp/B07PZR687W/ref=sr_1_1
260908,9781401290832,Amazon,All-Star Superman,17.46,https://www.amazon.com/All-Star-Superman-DC-Black-Label/dp/1401290833/ref=sr_1_1
260908,9781401292317,Amazon,The Authority Omnibus,79.0,https://www.amazon.com/Authority-Omnibus-Warren-Ellis/dp/1401292313/ref=sr_1_1
260908,9781401295295,Amazon,The Green Lantern Vol. 1: Intergalactic Lawman,0.0,https://www.amazon.com/Green-Lantern-Vol-Intergalactic-Lawman/dp/1401295290/ref=sr_1_1
260908,9781401295325,Amazon,The Flash by Geoff Johns Omnibus Vol. 1,78.55,https://www.amazon.com/Flash-Geoff-Johns-Omnibus-Vol/dp/1401295320/ref=sr_1_1
260908,9781401297244,Amazon,Batman: Hush (New Edition),16.49,https://www.amazon.com/Batman-Hush-New-Jeph-Loeb/dp/1401297242/ref=sr_1_1
260908,9781506702162,Amazon,Moebius Library: The World of Edena,38.57,https://www.amazon.com/Moebius-Library-World-Edena/dp/1506702163/ref=sr_1_1
260908,9781506711423,Amazon,The Umbrella Academy Volume 3: Hotel Oblivion,12.3,https://www.amazon.com/Umbrella-Academy-Hotel-Oblivion/dp/1506711421/ref=sr_1_1
260908,9781506726823,Amazon,Cyberpunk 2077 Omnibus Volume 1,29.99,https://www.amazon.com/Cyberpunk-2077-Omnibus-Bartosz-Sztybor/dp/1506726828/ref=sr_1_1
260908,9781524108595,Amazon,The Boys Omnibus Vol. 1 (BOYS OMNIBUS TP 2018),29.99,https://www.amazon.com/Boys-Omnibus-Vol-TPB/dp/1524108596/ref=sr_1_1
260908,9781524109707,Amazon,The Boys Omnibus Vol. 2 (BOYS OMNIBUS TP 2018),26.71,https://www.amazon.com/Boys-Omnibus-Vol-TPB/dp/1524109703/ref=sr_1_1
260908,9781524111403,Amazon,The Boys Omnibus Vol. 4 (BOYS OMNIBUS TP 2018),26.71,https://www.amazon.com/Boys-Omnibus-Vol-TP/dp/1524111406/ref=sr_1_1
260908,9781534300286,Amazon,Kill or Be Killed Volume 1,9.99,https://www.amazon.com/Kill-Be-Killed-Ed-Brubaker/dp/1534300287/ref=sr_1_1
260908,9781534300361,Amazon,Snotgirl Volume 1: Green Hair Don't Care,7.63,https://www.amazon.com/Snotgirl-Green-Hair-Dont-Care/dp/1534300368/ref=sr_1_1
260908,9781534302280,Amazon,Kill or Be Killed Volume 2,16.99,https://www.amazon.com/Kill-Be-Killed-Ed-Brubaker/dp/153430228X/ref=sr_1_1
260908,9781534303348,Amazon,Paper Girls Deluxe Edition Volume 1,10.99,https://www.amazon.com/Paper-Girls-Deluxe-Brian-Vaughan/dp/1534303340/ref=sr_1_1
260908,9781534306752,Amazon,Ice Cream Man Volume 1: Rainbow Sprinkles,8.98,https://www.amazon.com/Ice-Cream-Man-Rainbow-Sprinkles/dp/1534306757/ref=sr_1_1
260908,9781534306868,Amazon,Invincible Compendium Volume 3,40.33,https://www.amazon.com/Invincible-Compendium-3-Robert-Kirkman/dp/1534306862/ref=sr_1_1
260908,9781534308527,Amazon,Gideon Falls Volume 1: The Black Barn,9.15,https://www.amazon.com/Gideon-Falls-1-Black-Barn/dp/1534308520/ref=sr_1_1
260908,9781534308763,Amazon,Ice Cream Man Volume 2: Strange Neapolitan,13.98,https://www.amazon.com/Ice-Cream-Man-Strange-Neapolitan/dp/1534308768/ref=sr_1_1
260908,9781534312265,Amazon,Ice Cream Man Volume 3: Hopscotch Melange,16.99,https://www.amazon.com/Ice-Cream-Man-Hopscotch-Melange/dp/1534312269/ref=sr_1_1
260908,9781534312357,Amazon,Murder Falcon,15.99,https://www.amazon.com/Murder-Falcon-Daniel-Warren-Johnson/dp/1534312358/ref=sr_1_1
260908,9781534313408,Amazon,Walking Dead Compendium Volume 4,36.4,https://www.amazon.com/Walking-Dead-Compendium-4/dp/1534313400/ref=sr_1_1
260908,9781534318335,Amazon,The Department of Truth Volume 1: The End Of The World,8.74,https://www.amazon.com/Department-Truth-Vol-End-World/dp/153431833X/ref=sr_1_1
260908,9781534319165,Amazon,Radiant Black Vol. 1,1.99,https://www.amazon.com/Radiant-Black-Vol-Kyle-Higgins-ebook/dp/B096GCNKX3/ref=sr_1_1
260908,9781534321281,Amazon,Clementine Book One,8.75,https://www.amazon.com/Clementine-Book-1/dp/1534321284/ref=sr_1_1
260908,9781534322042,Amazon,Astro City Metrobook Volume 1,25.02,https://www.amazon.com/Astro-City-Metrobook/dp/1534322043/ref=sr_1_1
260908,9781534323285,Amazon,Radiant Black Volume 3: Rogues' Gallery (Massive-Verse),14.25,https://www.amazon.com/Radiant-Black-Kyle-Higgins/dp/1534323287/ref=sr_1_1
260908,9781534323865,Amazon,It's Lonely at the Centre of the Earth,12.08,https://www.amazon.com/Its-Lonely-at-Centre-Earth/dp/1534323864/ref=sr_1_1
260908,9781534324749,Amazon,Do a Powerbomb,24.99,https://www.amazon.com/Do-Powerbomb-Daniel-Warren-Johnson/dp/1534324747/ref=sr_1_1
260908,9781534324770,Amazon,Radiant Black Volume 4: Two-In-One (Massive-Verse),15.51,https://www.amazon.com/Radiant-Black-Massive-Verse-Book/dp/1534324771/ref=sr_1_1
260908,9781534325197,Amazon,Clementine Book Two,13.24,https://www.amazon.com/Clementine-Book-Two-2/dp/1534325190/ref=sr_1_1
260908,9781534325937,Amazon,Lovesick,17.99,https://www.amazon.com/Lovesick-Luana-Vecchio/dp/153432593X/ref=sr_1_1
260908,9781534327764,Amazon,Invincible Complete Library Hardcover Vol. 6,70.0,https://www.amazon.com/Invincible-Complete-Library-Hardcover-Vol/dp/1534327762/ref=sr_1_1
260908,9781534328013,Amazon,Invincible Volume 9 (New Edition),9.61,https://www.amazon.com/Invincible-9-New-Robert-Kirkman/dp/1534328017/ref=sr_1_1
260908,9781534328020,Amazon,Invincible Volume 10 (New Edition),11.14,https://www.amazon.com/Invincible-10-New-Robert-Kirkman/dp/1534328025/ref=sr_1_1
260908,9781534328037,Amazon,Invincible Volume 11 (New Edition),14.99,https://www.amazon.com/Invincible-11-New-Robert-Kirkman/dp/1534328033/ref=sr_1_1
260908,9781534328044,Amazon,Invincible Volume 12 (New Edition),13.97,https://www.amazon.com/Invincible-12-New-Robert-Kirkman/dp/1534328041/ref=sr_1_1
260908,9781534328075,Amazon,G.I. Joe Vol. 1: The Cobra Strikes!,15.29,https://www.amazon.com/G-I-Joe-Vol-Cobra-Strikes/dp/1534328076/ref=sr_1_1
260908,9781534328297,Amazon,East of West: The End Times Compendium,47.99,https://www.amazon.com/East-West-End-Times-Compendium/dp/1534328297/ref=sr_1_1
260908,9781534329553,Amazon,Scarlett Vol. 1 (Energon Universe),8.9,https://www.amazon.com/Scarlett-Energon-Universe-Kelly-Thompson/dp/1534329552/ref=sr_1_1
260908,9781534329898,Amazon,Transformers Vol. 3: Combiner Chaos,15.83,https://www.amazon.com/Transformers-Vol-3-Combiner-Chaos/dp/1534329897/ref=sr_1_1
260908,9781534329904,Amazon,G.I. Joe Vol. 2: Bludd's Revenge,15.12,https://www.amazon.com/G-I-Joe-Vol-Bludds-Revenge/dp/1534329900/ref=sr_1_1
260908,9781534329928,Amazon,Invincible Volume 15 (New Edition),11.9,https://www.amazon.com/Invincible-15-New-Robert-Kirkman/dp/1534329927/ref=sr_1_1
260908,9781534329935,Amazon,Invincible Universe: Battle Beast Vol. 2: The Emissary,15.83,https://www.amazon.com/Invincible-Universe-Battle-Beast-Emissary/dp/1534329935/ref=sr_1_1
260908,9781534330085,Amazon,Invincible Volume 14 (New Edition),13.97,https://www.amazon.com/Invincible-14-New-Robert-Kirkman/dp/1534330089/ref=sr_1_1
260908,9781534330306,Amazon,Invincible Universe: Capes Vol. 1: Punching the Clock,15.67,https://www.amazon.com/Invincible-Universe-Capes-Punching-Clock/dp/1534330305/ref=sr_1_1
260908,9781534330382,Amazon,I Was a Fashion School Serial Killer,15.58,https://www.amazon.com/Was-Fashion-School-Serial-Killer/dp/1534330380/ref=sr_1_1
260908,9781534330405,Amazon,G.I. Joe Vol. 4: The Hunt for Energon,16.99,https://www.amazon.com/G-I-Joe-Vol-Hunt-Energon/dp/1534330402/ref=sr_1_1
260908,9781534330566,Amazon,Tech Jacket Compendium Vol. 1 (Invincible),25.94,https://www.amazon.com/Tech-Jacket-Compendium-Vol-Invincible/dp/1534330569/ref=sr_1_1
260908,9781534330849,Amazon,The Power Fantasy Volume 3: The End of History,15.83,https://www.amazon.com/Power-Fantasy-End-History/dp/1534330844/ref=sr_1_1
260908,9781534330948,Amazon,Assorted Crisis Events Volume 2,16.99,https://www.amazon.com/Assorted-Crisis-Events-Deniz-Camp/dp/1534330941/ref=sr_1_1
260908,9781534331457,Amazon,Barrier: The Collected Edition,19.99,https://www.amazon.com/Barrier-Collected-Brian-K-Vaughan/dp/153433145X/ref=sr_1_1
260908,9781534331525,Amazon,D'ORC Volume 1: The Book of Certain Doom,9.99,https://www.amazon.com/DORC-1-Book-Certain-Doom/dp/1534331522/ref=sr_1_1
260908,9781534332409,Amazon,Radiant Black Volume 8: A Massive-Verse Book,17.99,https://www.amazon.com/Radiant-Black-8-Massive-Verse-Book/dp/1534332405/ref=sr_1_1
260908,9781534332485,Amazon,Ghost Pepper Vol. 2: Taste of Cinders,16.99,https://www.amazon.com/Ghost-Pepper-Vol-Taste-Cinders/dp/1534332480/ref=sr_1_1
260908,9781534332515,Amazon,Void Rivals Volume 5: The Quintesson War,16.99,https://www.amazon.com/Void-Rivals-5-Quintesson-War/dp/1534332510/ref=sr_1_1
260908,9781534332584,Amazon,Transformers Vol. 4: Conquer and Control,14.99,https://www.amazon.com/Transformers-Vol-4-Conquer-Control/dp/1534332588/ref=sr_1_1
260908,9781534332638,Amazon,Transformers Vol. 6: Decepticons Attack!,15.83,https://www.amazon.com/Transformers-Vol-6-Decepticons-Attack/dp/1534332634/ref=sr_1_1
260908,9781534332720,Amazon,Invincible Volume 16 (New Edition),13.97,https://www.amazon.com/Invincible-16-New-Robert-Kirkman/dp/1534332723/ref=sr_1_1
260908,9781534332898,Amazon,Invincible Volume 13 (New Edition),16.99,https://www.amazon.com/Invincible-13-New-Robert-Kirkman/dp/1534332898/ref=sr_1_1
260908,9781534332980,Amazon,Invincible Omnibus Vol. 1,89.44,https://www.amazon.com/Invincible-Omnibus-Vol-Robert-Kirkman/dp/1534332987/ref=sr_1_1
260908,9781534333109,Amazon,The Power Fantasy Volume 2: Mutually Reassuring Destruction,16.92,https://www.amazon.com/Power-Fantasy-Mutually-Reassuring-Destruction/dp/153433310X/ref=sr_1_1
260908,9781534333208,Amazon,Five Gears In Reverse: A Criminal Book,24.99,https://www.amazon.com/Five-Gears-Reverse-Criminal-Book/dp/1534333207/ref=sr_1_1
260908,9781534333277,Amazon,Invincible Universe: Battle Beast Vol. 1: Heart of Glory,15.83,https://www.amazon.com/Invincible-Universe-Battle-Beast-Heart/dp/1534333274/ref=sr_1_1
260908,9781534333451,Amazon,G.I. Joe Vol. 3: Dreadnok War,15.83,https://www.amazon.com/G-I-Joe-Vol-Dreadnok-War/dp/1534333452/ref=sr_1_1
260908,9781534333550,Amazon,Transformers Vol. 5: Generation One,15.83,https://www.amazon.com/Transformers-Vol-5-Generation-One/dp/153433355X/ref=sr_1_1
260908,9781534333628,Amazon,Hyde Street Volume 2,14.99,https://www.amazon.com/Hyde-Street-2-Geoff-Johns/dp/1534333622/ref=sr_1_1
260908,9781534333819,Amazon,The Transformers: The Movie Deluxe Edition,32.61,https://www.amazon.com/Transformers-Movie-Deluxe-Ralph-Macchio/dp/1534333819/ref=sr_1_1
260908,9781534333963,Amazon,Assorted Crisis Events Volume 1,16.69,https://www.amazon.com/Assorted-Crisis-Events-Deniz-Camp/dp/1534333967/ref=sr_1_1
260908,9781534334441,Amazon,,,
260908,9781534335318,Amazon,Invincible Volume 17 (New Edition),13.97,https://www.amazon.com/Invincible-17-New-Robert-Kirkman/dp/1534335315/ref=sr_1_1
260908,9781534335370,Amazon,G.I. Joe: A Real American Hero Vol. 5,14.99,https://www.amazon.com/G-I-Joe-Real-American-Hero/dp/1534335374/ref=sr_1_1
260908,9781534335547,Amazon,The Darkness (2025) Volume 1,17.99,https://www.amazon.com/Darkness-1-Marc-Silvestri/dp/1534335544/ref=sr_1_1
260908,9781534335714,Amazon,Exquisite Corpses Volume 3,15.2,https://www.amazon.com/Exquisite-Corpses-James-Tynion-IV/dp/1534335714/ref=sr_1_1
260908,9781534340268,Amazon,Invincible Volume 5 (New Edition),14.99,https://www.amazon.com/Invincible-5-New-Robert-Kirkman/dp/1534340262/ref=sr_1_1
260908,9781534345270,Amazon,Transformers Deluxe Edition Book Two,29.66,https://www.amazon.com/Transformers-Deluxe-Daniel-Warren-Johnson/dp/1534330488/ref=sr_1_1
260908,9781534357686,Amazon,Destro Vol. 1 (Energon Universe),10.48,https://www.amazon.com/Destro-Vol-Energon-Universe-Watters/dp/1534357688/ref=sr_1_1
260908,9781534358058,Amazon,Invincible Volume 6 (New Edition),13.97,https://www.amazon.com/Invincible-6-New-Robert-Kirkman/dp/1534358056/ref=sr_1_1
260908,9781534367364,Amazon,Rook: Exodus Volume 1: Fight or Flight,16.99,https://www.amazon.com/Rook-Exodus-Flight-Geoff-Johns/dp/1534367365/ref=sr_1_1
260908,9781534375062,Amazon,Invincible Volume 7 (New Edition),14.99,https://www.amazon.com/Invincible-7-New-Robert-Kirkman/dp/1534375066/ref=sr_1_1
260908,9781534395565,Amazon,The Power Fantasy Volume 1: The Superpowers,9.31,https://www.amazon.com/Power-Fantasy-1-Superpowers/dp/1534395563/ref=sr_1_1
260908,9781534396807,Amazon,Invincible Volume 8 (New Edition),14.99,https://www.amazon.com/Invincible-8-New-Robert-Kirkman/dp/1534396802/ref=sr_1_1
260908,9781534397378,Amazon,Clementine Book Three,12.6,https://www.amazon.com/Clemetine-Book-Three-Tillie-Walden/dp/153439737X/ref=sr_1_1
260908,9781534397705,Amazon,The Complete Invincible Library Volume 5,81.87,https://www.amazon.com/Complete-Invincible-Library-5/dp/1534397701/ref=sr_1_1
260908,9781534398085,Amazon,Invincible Volume 4 (New Edition),10.9,https://www.amazon.com/Invincible-4-New-Robert-Kirkman/dp/1534398082/ref=sr_1_1
260908,9781534398092,Amazon,Invincible Volume 3 (New Edition),14.99,https://www.amazon.com/Invincible-3-New-Robert-Kirkman/dp/1534398090/ref=sr_1_1
260908,9781534398153,Amazon,Cobra Commander Volume 1: Determined to Rule the World (Energon Universe),10.48,https://www.amazon.com/Cobra-Commander-Determined-Energon-Universe/dp/1534398155/ref=sr_1_1
260908,9781534398160,Amazon,Duke Volume 1: Knowing is Half the Battle (Energon Universe),14.99,https://www.amazon.com/Duke-Knowing-Battle-Energon-Universe/dp/1534398163/ref=sr_1_1
260908,9781534398177,Amazon,Transformers Vol. 1: Robots in Disguise,13.71,https://www.amazon.com/Transformers-Vol-Disguise-Energon-Universe/dp/1534398171/ref=sr_1_1
260908,9781534398184,Amazon,Void Rivals Volume 1: More than Meets the Eye (Energon Universe),12.48,https://www.amazon.com/Void-Rivals-Meets-Energon-Universe/dp/153439818X/ref=sr_1_1
260908,9781534399037,Amazon,Invincible Volume 2 (New Edition),13.97,https://www.amazon.com/Invincible-2-New/dp/1534399038/ref=sr_1_1
260908,9781534399068,Amazon,The Complete Invincible Library Volume 4,80.32,https://www.amazon.com/Complete-Invincible-Library-Robert-Kirkman/dp/1534399062/ref=sr_1_1
260908,9781534399952,Amazon,Invincible Volume 1 (New Edition),12.99,https://www.amazon.com/Invincible-1-New/dp/153439995X/ref=sr_1_1
260908,9781534399969,Amazon,Invincible Universe Compendium Volume 1,32.81,https://www.amazon.com/Invincible-Universe-Compendium/dp/1534399968/ref=sr_1_1
260908,9781563890055,Amazon,"Animal Man, Book 1 - Animal Man",0.0,https://www.amazon.com/Animal-Man-Book/dp/1563890054/ref=sr_1_1
260908,9781563893421,Amazon,Batman: The Dark Knight Returns,28.0,https://www.amazon.com/Batman-Knight-Returns-Frank-Miller/dp/1563893428/ref=sr_1_1
260908,9781563893742,Amazon,Manhunter: The Special Edition,,
260908,9781563894695,Amazon,Batman: The Long Halloween,24.83,https://www.amazon.com/Batman-Long-Halloween-Jeph-Loeb/dp/1563894696/ref=sr_1_1
260908,9781582405001,Amazon,Invincible: The Ultimate Collection Volume 1,27.79,https://www.amazon.com/Invincible-Ultimate-Collection-Vol-1/dp/158240500X/ref=sr_1_1
260908,9781582405308,Amazon,"The Walking Dead, Vol. 4: The Heart's Desire",8.4,https://www.amazon.com/Walking-Dead-Vol-Hearts-Desire/dp/1582405301/ref=sr_1_1
260908,9781582406121,Amazon,"The Walking Dead, Vol. 5: The Best Defense",9.28,https://www.amazon.com/Walking-Dead-Vol-Best-Defense/dp/158240612X/ref=sr_1_1
260908,9781582406725,Amazon,"The Walking Dead, Vol. 1: Days Gone Bye",9.97,https://www.amazon.com/Walking-Dead-Vol-Days-Gone/dp/1582406723/ref=sr_1_1
260908,9781582406848,Amazon,"The Walking Dead, Vol. 6: This Sorrowful Life",14.33,https://www.amazon.com/Walking-Dead-Vol-This-Sorrowful/dp/1582406847/ref=sr_1_1
260908,9781582407111,Amazon,Invincible Volume 1: Family Matters,9.29,https://www.amazon.com/Invincible-Book-Family-Matters-v/dp/1582407118/ref=sr_1_1
260908,9781582407180,Amazon,"The Complete Invincible Library, Vol. 1",85.0,https://www.amazon.com/Complete-Invincible-Library-Vol/dp/1582407185/ref=sr_1_1
260908,9781582407753,Amazon,"The Walking Dead, Vol. 2: Miles Behind Us",9.26,https://www.amazon.com/Walking-Dead-Vol-Miles-Behind/dp/1582407754/ref=sr_1_1
260908,9781582408057,Amazon,"The Walking Dead, Vol. 3: Safety Behind Bars",10.56,https://www.amazon.com/Walking-Dead-Vol-Safety-Behind/dp/158240805X/ref=sr_1_1
260908,9781582408286,Amazon,"The Walking Dead, Vol. 7: The Calm Before",13.5,https://www.amazon.com/Walking-Dead-Vol-Calm-Before/dp/1582408289/ref=sr_1_1
260908,9781582408835,Amazon,"The Walking Dead, Vol. 8: Made to Suffer",10.98,https://www.amazon.com/Walking-Dead-Vol-Made-Suffer/dp/1582408831/ref=sr_1_1
260908,9781593070946,Amazon,"Hellboy, Vol. 1: Seed of Destruction",19.99,https://www.amazon.com/Hellboy-Vol-1-Seed-Destruction/dp/1593070942/ref=sr_1_1
260908,9781593076405,Amazon,Commencement,34.99,https://www.amazon.com/Commencement-Star-Wars-Knights-Republic/dp/1593076401/ref=sr_1_1
260908,9781593079789,Amazon,"The Umbrella Academy, Vol. 1",9.99,https://www.amazon.com/Umbrella-Academy-Vol-1/dp/1593079788/ref=sr_1_1
260908,9781595823458,Amazon,The Umbrella Academy: Dallas,8.82,https://www.amazon.com/Umbrella-Academy-2-Dallas/dp/159582345X/ref=sr_1_1
260908,9781595828934,Amazon,Grendel Omnibus Volume 1: Hunter Rose,,
260908,9781607060222,Amazon,Walking Dead Volume 9: Here We Remain,8.99,https://www.amazon.com/Walking-Dead-Here-We-Remain/dp/1607060221/ref=sr_1_1
260908,9781607060758,Amazon,"The Walking Dead, Vol. 10: What We Become",14.99,https://www.amazon.com/Walking-Dead-Vol-10-Become/dp/1607060752/ref=sr_1_1
260908,9781607060765,Amazon,The Walking Dead: Compendium One,29.34,https://www.amazon.com/Walking-Dead-Compendium-One/dp/1607060760/ref=sr_1_1
260908,9781607061120,Amazon,The Complete Invincible Library Volume 2,80.35,https://www.amazon.com/Complete-Invincible-Library-Robert-Kirkman/dp/1607061120/ref=sr_1_1
260908,9781607061816,Amazon,"The Walking Dead, Vol. 11: Fear The Hunters",7.52,https://www.amazon.com/Walking-Dead-Vol-11-Hunters/dp/1607061813/ref=sr_1_1
260908,9781607062547,Amazon,"The Walking Dead, Vol. 12: Life Among Them",10.05,https://www.amazon.com/Walking-Dead-Vol-12-Among/dp/1607062542/ref=sr_1_1
260908,9781607062554,Amazon,Invincible Presents: Atom Eve & Rex Splode Vol. 1 (Invincible Presents: Atom Eve and Rex Splode),5.99,https://www.amazon.com/Invincible-Presents-Atom-Splode-Vol-ebook/dp/B01N7KCIBR/ref=sr_1_1
260908,9781607063292,Amazon,"The Walking Dead, Vol. 13: Too Far Gone",6.0,https://www.amazon.com/Walking-Dead-Vol-13-Gone/dp/1607063298/ref=sr_1_1
260908,9781607064114,Amazon,Invincible Compendium Volume 1,44.98,https://www.amazon.com/Invincible-Compendium-One-Robert-Kirkman/dp/1607064111/ref=sr_1_1
260908,9781607064213,Amazon,The Complete Invincible Library Volume 3,87.33,https://www.amazon.com/Complete-Invincible-Library-Hc/dp/1607064219/ref=sr_1_1
260908,9781607065968,Amazon,The Walking Dead: Compendium Two,29.99,https://www.amazon.com/Walking-Dead-Compendium-Two/dp/1607065967/ref=sr_1_1
260908,9781607066019,Amazon,"Saga, Vol. 1",7.51,https://www.amazon.com/Saga-Vol-1-Brian-Vaughan/dp/1607066017/ref=sr_1_1
260908,9781607067702,Amazon,East of West Volume 1: The Promise,16.0,https://www.amazon.com/East-West-Promise-Jonathan-Hickman/dp/1607067706/ref=sr_1_1
260908,9781607067726,Amazon,Invincible Compendium Volume 2,45.98,https://www.amazon.com/Invincible-Compendium-2-Robert-Kirkman/dp/1607067722/ref=sr_1_1
260908,9781607069461,Amazon,Sex Criminals Volume 1: One Weird Trick,9.99,https://www.amazon.com/Sex-Criminals-One-Weird-Trick/dp/1607069466/ref=sr_1_1
260908,9781613770078,Amazon,"Teenage Mutant Ninja Turtles: The Ultimate Collection, Vol. 1",12.53,https://www.amazon.com/Teenage-Mutant-Ninja-Turtles-Collection/dp/1631409905/ref=sr_1_1
260908,9781616552473,Amazon,Frank Miller: The Art of Sin City,14.99,https://www.amazon.com/Frank-Miller-Art-Sin-City-ebook/dp/B00JENOQUY/ref=sr_1_1
260908,9781631404740,Amazon,Transformers: More Than Meets The Eye Box Set,,
260908,9781632152121,Amazon,Sunstone Volume 1,13.37,https://www.amazon.com/Sunstone-1-Tp-Stjepan-Sejic/dp/1632152126/ref=sr_1_1
260908,9781632152299,Amazon,Sunstone Volume 2,14.99,https://www.amazon.com/Sunstone-2-Tp-Stjepan-Sejic/dp/1632152290/ref=sr_1_1
260908,9781632154569,Amazon,The Walking Dead: Compendium Three,44.37,https://www.amazon.com/Walking-Dead-Compendium-Three/dp/1632154560/ref=sr_1_1
260908,9781632158864,Amazon,Head Lopper Volume 1: The Island or a Plague of Beasts,19.99,https://www.amazon.com/Head-Lopper-Island-Plague-Beasts/dp/1632158868/ref=sr_1_1
260908,9781684056873,Amazon,"Teenage Mutant Ninja Turtles: Reborn, Vol. 1 - From The Ashes (TMNT Reborn)",0.0,https://www.amazon.com/Teenage-Mutant-Ninja-Turtles-Reborn/dp/168405687X/ref=sr_1_1
260908,9781684058419,Amazon,Teenage Mutant Ninja Turtles: The Last Ronin,18.63,https://www.amazon.com/Teenage-Mutant-Ninja-Turtles-Ronin/dp/B0G42R4LY6/ref=sr_1_1
260908,9781684157648,Amazon,Something is Killing the Children Book One Deluxe Edition,40.21,https://www.amazon.com/Something-Killing-Children-Book-Deluxe/dp/1684157641/ref=sr_1_1
260908,9781684158058,Amazon,The Many Deaths of Laila Starr,11.89,https://www.amazon.com/Many-Deaths-Laila-Starr/dp/1684158052/ref=sr_1_1
260908,9781779501127,Amazon,Watchmen (2019 Edition),18.92,https://www.amazon.com/Watchmen-2019-Alan-Moore/dp/1779501129/ref=sr_1_1
260908,9781779502131,Amazon,The Green Lantern Vol. 1: Intergalactic Lawman,0.0,https://www.amazon.com/Green-Lantern-Vol-Intergalactic-Lawman/dp/1401295290/ref=sr_1_1
260908,9781779503862,Amazon,Teen Titans: Beast Boy Loves Raven,9.19,https://www.amazon.com/Teen-Titans-Beast-Loves-Raven/dp/1779503865/ref=sr_1_1
260908,9781779504210,Amazon,Superman Smashes the Klan,10.83,https://www.amazon.com/Superman-Smashes-Klan-Gene-Luen/dp/1779504217/ref=sr_1_1
260908,9781779504463,Amazon,The Batman Who Laughs,13.58,https://www.amazon.com/Batman-Who-Laughs-Scott-Snyder/dp/1779504462/ref=sr_1_1
260908,9781779507198,Amazon,Batgirl Returns Omnibus,34.99,https://www.amazon.com/Batgirl-New-Omnibus-Gail-Simone/dp/1779507194/ref=sr_1_1
260908,9781779511553,Amazon,Absolute Wonder Woman: Gods and Mortals,89.97,https://www.amazon.com/Absolute-Wonder-Woman-Gods-Mortals/dp/1779511558/ref=sr_1_1
260908,9781779512055,Amazon,Far Sector,28.49,https://www.amazon.com/Far-Sector-N-K-Jemisin/dp/1779512058/ref=sr_1_1
260908,9781779512058,Amazon,,,
260908,9781779513458,Amazon,"The Flash by Geoff Johns Omnibus Vol. 3 (Flash Omnibus, 3)",89.95,https://www.amazon.com/Flash-Geoff-Johns-Omnibus-Vol/dp/1779513453/ref=sr_1_1
260908,9781779514349,Amazon,The Nice House on the Lake Vol. 1,11.23,https://www.amazon.com/Nice-House-Lake-Vol/dp/1779514344/ref=sr_1_1
260908,9781779515346,Amazon,Doom Patrol by Rachel Pollack Omnibus (Doom Patrol Omnibus),,
260908,9781779515681,Amazon,Supergirl: Woman of Tomorrow,16.22,https://www.amazon.com/Supergirl-Woman-Tomorrow-Tom-King/dp/1779515685/ref=sr_1_1
260908,9781779516831,Amazon,Batgirl: Year One: (2023 Edition),9.99,https://www.amazon.com/Batgirl-Year-2023-Scott-Beatty-ebook/dp/B0CGK38M3X/ref=sr_1_1
260908,9781779516992,Amazon,Nightwing Vol. 1: Leaping into the Light,15.83,https://www.amazon.com/Nightwing-Vol-Leaping-into-Light/dp/1779516991/ref=sr_1_1
260908,9781779517272,Amazon,Flashpoint (New Edition),17.27,https://www.amazon.com/Flashpoint-2024-Geoff-Johns/dp/1779517270/ref=sr_1_1
260908,9781779517999,Amazon,Teen Titans: Starfire,9.7,https://www.amazon.com/Teen-Titans-Starfire-Kami-Garcia/dp/1779517998/ref=sr_1_1
260908,9781779520050,Amazon,Nightwing: Fear State,,
260908,9781779521149,Amazon,Nightwing (2016-): The Joker War,0.0,https://www.amazon.com/Nightwing-2016-Joker-Dan-Jurgens-ebook/dp/B08W1YJY3D/ref=sr_1_1
260908,9781779523020,Amazon,Nightwing Vol. 2: Get Grayson,17.99,https://www.amazon.com/Nightwing-2-Grayson-Tom-Taylor/dp/1779523025/ref=sr_1_1
260908,9781779525031,Amazon,Poison Ivy Vol. 1: The Virtuous Cycle,15.25,https://www.amazon.com/Poison-Ivy-Vol-Virtuous-Cycle/dp/1779525036/ref=sr_1_1
260908,9781779525123,Amazon,Titans Vol. 1: Out of the Shadows,13.0,https://www.amazon.com/Titans-Vol-1-Out-Shadows/dp/1779525125/ref=sr_1_1
260908,9781779525222,Amazon,Nightwing Vol. 3: The Battle for Blüdhaven's Heart,16.99,https://www.amazon.com/Nightwing-3-Battle-Bl%C3%BCdhavens-Heart/dp/1779525222/ref=sr_1_1
260908,9781779525673,Amazon,JLA Book One,31.11,https://www.amazon.com/JLA-1-Grant-Morrison/dp/1779525672/ref=sr_1_1
260908,9781779525888,Amazon,Justice League Dark: Rebirth Omnibus,77.12,https://www.amazon.com/Justice-League-Dark-Rebirth-Omnibus/dp/1779525885/ref=sr_1_1
260908,9781779526311,Amazon,Absolute Justice League: The World's Greatest Super-Heroes by Alex Ross & Paul Dini (New Edition),73.21,https://www.amazon.com/Absolute-Justice-League-Greatest-Super-Heroes/dp/1779526318/ref=sr_1_1
260908,9781779526526,Amazon,Batman: Detective Comics Vol. 1: Gotham Nocturne: Overture (Detective Comics (2016-)),0.0,https://www.amazon.com/Batman-Detective-Comics-Nocturne-Overture-ebook/dp/B0CFZ5H915/ref=sr_1_1
260908,9781779526984,Amazon,"The Flash by Joshua Williamson Omnibus Vol. 1 (Flash Omnibus, 1)",76.99,https://www.amazon.com/Flash-Omnibus-1-Joshua-Williamson/dp/1779526989/ref=sr_1_1
260908,9781779527028,Amazon,Batman: City of Madness,19.99,https://www.amazon.com/Batman-City-Madness-Christian-Ward/dp/1799509532/ref=sr_1_1
260908,9781779527257,Amazon,All-Star Superman: DC Compact Comics Edition,8.99,https://www.amazon.com/All-Star-Superman-DC-Compact-Comics/dp/177952725X/ref=sr_1_1
260908,9781779527264,Amazon,Batman: Hush: DC Compact Comics Edition,8.99,https://www.amazon.com/Batman-Hush-DC-Compact-Comics/dp/1779527268/ref=sr_1_1
260908,9781779527271,Amazon,Batman: The Court of Owls Saga: DC Compact Comics Edition,8.67,https://www.amazon.com/Batman-Court-Owls-Compact-Comics/dp/1779527276/ref=sr_1_1
260908,9781779527288,Amazon,Catwoman: Trail of the Catwoman: DC Compact Comics Edition,8.99,https://www.amazon.com/Catwoman-Trail-Dc-Compact-Comics/dp/1779527284/ref=sr_1_1
260908,9781779527301,Amazon,Harley Quinn & the Gotham City Sirens: DC Compact Comics Edition,8.99,https://www.amazon.com/Harley-Quinn-Gotham-City-Sirens/dp/1779527306/ref=sr_1_1
260908,9781779527325,Amazon,Watchmen: DC Compact Comics Edition,8.99,https://www.amazon.com/Watchmen-Compact-Comics-Alan-Moore/dp/1779527322/ref=sr_1_1
260908,9781779527332,Amazon,Wonder Woman: Earth One: DC Compact Comics Edition,8.99,https://www.amazon.com/Wonder-Woman-Earth-Grant-Morrison/dp/1779527330/ref=sr_1_1
260908,9781779527349,Amazon,American Vampire Book One: DC Compact Comics Edition,8.99,https://www.amazon.com/American-Vampire-Dc-Compact-Comics/dp/1779527349/ref=sr_1_1
260908,9781779527585,Amazon,Absolute Justice (New Edition),85.54,https://www.amazon.com/Absolute-Justice-Alex-Ross/dp/1779527586/ref=sr_1_1
260908,9781779527653,Amazon,Green Lantern by Geoff Johns Book One (New Edition),24.4,https://www.amazon.com/Green-Lantern-1-Geoff-Johns/dp/1779527659/ref=sr_1_1
260908,9781779527882,Amazon,Poison Ivy Vol. 2: Unethical Consumption,17.51,https://www.amazon.com/Poison-Ivy-2-Unethical-Consumption/dp/1779527888/ref=sr_1_1
260908,9781779528025,Amazon,Nightwing Vol. 4: The Leap,16.99,https://www.amazon.com/Nightwing-4-Leap-Tom-Taylor/dp/1779528027/ref=sr_1_1
260908,9781779528100,Amazon,Poison Ivy Vol. 3: Mourning Sickness,17.99,https://www.amazon.com/Poison-Ivy-3-Mourning-Sickness/dp/1779529414/ref=sr_1_1
260908,9781779528346,Amazon,DC Finest: Wonder Woman: Origins & Omens,19.52,https://www.amazon.com/Wonder-Woman-Origins-Omens-Various/dp/1779528345/ref=sr_1_1
260908,9781779528353,Amazon,DC Finest: Batman: Year One & Two,30.86,https://www.amazon.com/Batman-Year-One-Two-Various/dp/1779528353/ref=sr_1_1
260908,9781779528360,Amazon,DC Finest: The Flash: The Human Thunderbolt,30.39,https://www.amazon.com/Flash-Human-Thunderbolt-Various/dp/1779528361/ref=sr_1_1
260908,9781779528377,Amazon,DC Finest: Justice League of America: The Bridge Between Earths,23.39,https://www.amazon.com/Justice-League-America-Bridge-Between/dp/177952837X/ref=sr_1_1
260908,9781779528438,Amazon,Poison Ivy Vol. 4: Origin of Species,15.3,https://www.amazon.com/Poison-Ivy-4-Origin-Species/dp/1779529449/ref=sr_1_1
260908,9781779528483,Amazon,DC Finest: Green Lantern: The Defeat of Green Lantern,23.3,https://www.amazon.com/Green-Lantern-Defeat/dp/1779528485/ref=sr_1_1
260908,9781779529435,Amazon,Nightwing Vol. 6: Standing at the Edge,12.0,https://www.amazon.com/Nightwing-6-Tom-Taylor/dp/1779529430/ref=sr_1_1
260908,9781779529534,Amazon,Nightwing Vol. 5: Time of the Titans,15.9,https://www.amazon.com/Nightwing-5-Titans-Tom-Taylor/dp/1779529538/ref=sr_1_1
260908,9781799500506,Amazon,Green Lantern Vol. 2: Love and War (Green Lantern (2023-)),0.0,https://www.amazon.com/Green-Lantern-Vol-Love-2023-ebook/dp/B0DVMSBFHJ/ref=sr_1_1
260908,9781799500537,Amazon,Titans Vol. 2: The Dark-Winged Queen (DC Titans),13.72,https://www.amazon.com/Titans-Vol-2-Dark-Winged-Queen/dp/1799500535/ref=sr_1_1
260908,9781799500742,Amazon,Absolute Green Lantern: The Sinestro Corps War (2025 Edition),87.69,https://www.amazon.com/Absolute-Green-Lantern-Sinestro-Corps/dp/1799500748/ref=sr_1_1
260908,9781799500803,Amazon,Zatanna: Bring Down The House,25.35,https://www.amazon.com/Zatanna-Bring-House-Mariko-Tamaki/dp/1799500802/ref=sr_1_1
260908,9781799500896,Amazon,Nightwing Vol. 7: Fallen Grayson,17.99,https://www.amazon.com/Nightwing-Vol-7-Fallen-Grayson/dp/1799500896/ref=sr_1_1
260908,9781799501152,Amazon,JLA Book Two (DC JLA),36.06,https://www.amazon.com/Jla-Book-Two-Grant-Morrison/dp/1799501159/ref=sr_1_1
260908,9781799501299,Amazon,Kingdom Come: DC Compact Comics Edition,8.99,https://www.amazon.com/Kingdom-Come-DC-Compact-Comics/dp/1799501299/ref=sr_1_1
260908,9781799501541,Amazon,Static: Season One: DC Compact Comics Edition,8.99,https://www.amazon.com/Static-Season-One-Compact-Comics/dp/179950154X/ref=sr_1_1
260908,9781799501633,Amazon,DCeased: DC Compact Comics Edition,8.99,https://www.amazon.com/Dceased-Compact-Comics-Tom-Taylor/dp/1799501639/ref=sr_1_1
260908,9781799501916,Amazon,Superman: Birthright: DC Compact Comics Edition,8.99,https://www.amazon.com/Superman-Birthright-DC-Compact-Comics/dp/1799501914/ref=sr_1_1
260908,9781799501992,Amazon,The Authority: Relentless: DC Compact Comics Edition,8.99,https://www.amazon.com/Authority-Relentless-DC-Compact-Comics/dp/179950199X/ref=sr_1_1
260908,9781799502012,Amazon,DC Finest: Wonder Woman: The Legend of Wonder Woman,22.64,https://www.amazon.com/DC-Finest-Wonder-Woman-Legend/dp/1799502015/ref=sr_1_1
260908,9781799502043,Amazon,Poison Ivy Vol. 5: Human Botany,15.0,https://www.amazon.com/Poison-Ivy-Vol-Human-Botany/dp/1799502058/ref=sr_1_1
260908,9781799502135,Amazon,Superman/Batman: DC Compact Comics Edition,8.99,https://www.amazon.com/Superman-Batman-DC-Compact-Comics/dp/1799502139/ref=sr_1_1
260908,9781799502340,Amazon,DC: The New Frontier: DC Compact Comics Edition,9.99,https://www.amazon.com/DC-New-Frontier-Darwyn-Cooke/dp/1799502341/ref=sr_1_1
260908,9781799502449,Amazon,DC Finest: Justice League of America: The Return,34.54,https://www.amazon.com/DC-Finest-Justice-League-America/dp/1799502449/ref=sr_1_1
260908,9781799502579,Amazon,Poison Ivy Vol. 6: A Death in Marshview,17.82,https://www.amazon.com/Poison-Ivy-Vol-Death-Marshview/dp/1799502570/ref=sr_1_1
260908,9781799502678,Amazon,Absolute Batman: Dark Victory (2025 Edition),53.81,https://www.amazon.com/Absolute-Batman-Dark-Victory-2025/dp/1799502678/ref=sr_1_1
260908,9781799502883,Amazon,Batman: The Long Halloween: DC Compact Comics Edition,8.99,https://www.amazon.com/Batman-Long-Halloween-Compact-Comics/dp/1799502880/ref=sr_1_1
260908,9781799503026,Amazon,DC Finest: The Flash: The Fastest Man Dead,23.0,https://www.amazon.com/DC-Finest-Flash-Fastest-Dead/dp/179950302X/ref=sr_1_1
260908,9781799503033,Amazon,Harley Quinn: Wild at Heart: DC Compact Comics Edition,8.99,https://www.amazon.com/Harley-Quinn-Heart-Compact-Comics/dp/1799503038/ref=sr_1_1
260908,9781799503064,Amazon,Teen Titans: Together,15.83,https://www.amazon.com/Teen-Titans-Together-Kami-Garcia/dp/1799503062/ref=sr_1_1
260908,9781799503125,Amazon,Wonder Woman Vol. 4: The Island of Mice and Men,17.99,https://www.amazon.com/Wonder-Woman-Vol-Island-Mice/dp/1799503127/ref=sr_1_1
260908,9781799503132,Amazon,V for Vendetta: DC Compact Comics Edition,8.99,https://www.amazon.com/V-Vendetta-DC-Compact-Comics/dp/1799503135/ref=sr_1_1
260908,9781799503170,Amazon,Elseworlds: Justice League Omnibus Vol. 1,108.67,https://www.amazon.com/Elseworlds-Justice-League-Omnibus-Vol/dp/1799503178/ref=sr_1_1
260908,9781799503262,Amazon,DC Finest: Green Lantern: Earth's Other Green Lantern,20.72,https://www.amazon.com/DC-Finest-Green-Lantern-Earths/dp/1799503267/ref=sr_1_1
260908,9781799503361,Amazon,DC Finest: Wonder Woman: Introducing Wonder Woman,30.06,https://www.amazon.com/DC-Finest-Wonder-Woman-Introducing/dp/1799503364/ref=sr_1_1
260908,9781799505198,Amazon,Absolute Flash Vol. 1: Of Two Worlds (Absolute Universe),17.99,https://www.amazon.com/Absolute-Flash-Vol-Worlds-Universe/dp/1799505197/ref=sr_1_1
260908,9781799505211,Amazon,Absolute Martian Manhunter Vol. 1: Martian Vision (Absolute Universe),15.86,https://www.amazon.com/Absolute-Martian-Manhunter-Vol-Universe/dp/1799505219/ref=sr_1_1
260908,9781799505235,Amazon,Superman: Action Comics Vol. 1: Boy of Steel,19.99,https://www.amazon.com/Superman-Action-Comics-Vol-Steel/dp/1799505235/ref=sr_1_1
260908,9781799505242,Amazon,Absolute Batman Vol. 1: The Zoo (Absolute Universe),16.77,https://www.amazon.com/Absolute-Batman-Vol-Zoo-Universe/dp/1799505251/ref=sr_1_1
260908,9781799505259,Amazon,Absolute Batman Vol. 1: The Zoo (Absolute Universe),16.77,https://www.amazon.com/Absolute-Batman-Vol-Zoo-Universe/dp/1799505251/ref=sr_1_1
260908,9781799505297,Amazon,Absolute Wonder Woman Vol. 1: The Last Amazon (Absolute Universe),16.77,https://www.amazon.com/Absolute-Wonder-Woman-Vol-Universe/dp/1799505308/ref=sr_1_1
260908,9781799505303,Amazon,Absolute Wonder Woman Vol. 1: The Last Amazon (Absolute Universe),16.77,https://www.amazon.com/Absolute-Wonder-Woman-Vol-Universe/dp/1799505308/ref=sr_1_1
260908,9781799505334,Amazon,Absolute Superman Vol. 1: Last Dust of Krypton (Absolute Universe),16.77,https://www.amazon.com/Absolute-Superman-Vol-Krypton-Universe/dp/1799505332/ref=sr_1_1
260908,9781799505341,Amazon,Batgirl Vol. 1: Mother,17.99,https://www.amazon.com/Batgirl-Vol-Mother-Tate-Brombal/dp/1799505340/ref=sr_1_1
260908,9781799505501,Amazon,Zatanna: It's Showtime!,17.99,https://www.amazon.com/Zatanna-Its-Showtime-Jamal-Campbell/dp/1799505502/ref=sr_1_1
260908,9781799505556,Amazon,Absolute Green Lantern Vol. 1: Without Fear (Absolute Universe),16.6,https://www.amazon.com/Absolute-Green-Lantern-Vol-Universe/dp/1799505553/ref=sr_1_1
260908,9781799505662,Amazon,The Bat-Man: Second Knight,24.04,https://www.amazon.com/Bat-Man-Second-Knight-Mike-Perkins/dp/1799505669/ref=sr_1_1
260908,9781799505686,Amazon,DC X SONIC THE HEDGEHOG,15.76,https://www.amazon.com/DC-SONIC-HEDGEHOG-Ian-Flynn/dp/1799505685/ref=sr_1_1
260908,9781799505860,Amazon,Batman/Static: Beyond,19.99,https://www.amazon.com/Batman-Static-Beyond-Evan-Narcisse/dp/1799505863/ref=sr_1_1
260908,9781799505945,Amazon,Batman and Robin: Year One,16.19,https://www.amazon.com/Batman-Robin-Year-Mark-Waid/dp/1799505944/ref=sr_1_1
260908,9781799506089,Amazon,"Batgirl Vol. 2: Bloodlines (Batgirl Bloodlines, 2)",14.4,https://www.amazon.com/Batgirl-Vol-Bloodlines/dp/1799506088/ref=sr_1_1
260908,9781799506171,Amazon,Supergirl Vol. 1: Misadventures in Midvale,17.99,https://www.amazon.com/Supergirl-Vol-1-Misadventures-Midvale/dp/1799506177/ref=sr_1_1
260908,9781799506218,Amazon,Superman: The Kryptonite Spectrum,27.2,https://www.amazon.com/Superman-Kryptonite-Spectrum-Maxwell-Prince/dp/1799506215/ref=sr_1_1
260908,9781799506386,Amazon,Mr. Terrific: Year One,15.93,https://www.amazon.com/Mr-Terrific-Year-Al-Letson/dp/179950638X/ref=sr_1_1
260908,9781799506652,Amazon,Batman: Gotham by Gaslight: DC Compact Comics Edition,8.99,https://www.amazon.com/Batman-Gotham-Gaslight-Compact-Comics/dp/1799506657/ref=sr_1_1
260908,9781799506904,Amazon,Supergirl: Woman of Tomorrow: DC Compact Comics,7.9,https://www.amazon.com/Supergirl-Woman-Tomorrow-Compact-Comics/dp/1799506908/ref=sr_1_1
260908,9781799506997,Amazon,Batman: Arkham Asylum: DC Compact Comics,8.99,https://www.amazon.com/Batman-Arkham-Asylum-Compact-Comics/dp/1799506991/ref=sr_1_1
260908,9781799507413,Amazon,Batman: White Knight: DC Compact Comics Edition,9.31,https://www.amazon.com/Batman-White-Knight-Compact-Comics/dp/1799507416/ref=sr_1_1
260908,9781799507444,Amazon,DC Finest: Wonder Woman: Enter the Cheetah,28.8,https://www.amazon.com/DC-Finest-Wonder-Woman-Cheetah/dp/1799507440/ref=sr_1_1
260908,9781799507505,Amazon,Absolute Batman Vol. 2: Abomination (Absolute Universe),19.98,https://www.amazon.com/Absolute-Batman-Vol-2-Abomination/dp/1799507505/ref=sr_1_1
260908,9781799507512,Amazon,Absolute Batman Vol. 2: Abomination (Absolute Universe),18.63,https://www.amazon.com/Absolute-Batman-Vol-2-Abomination/dp/1799507513/ref=sr_1_1
260908,9781799507529,Amazon,Absolute Superman Vol. 2: Son of the Demon (Absolute Universe),19.25,https://www.amazon.com/Absolute-Superman-Vol-Son-Demon/dp/1799507521/ref=sr_1_1
260908,9781799507536,Amazon,Absolute Wonder Woman Vol. 2: As My Mothers Made Me (Absolute Universe),18.63,https://www.amazon.com/Absolute-Wonder-Woman-Vol-Mothers/dp/1799507548/ref=sr_1_1
260908,9781799507543,Amazon,Absolute Wonder Woman Vol. 2: As My Mothers Made Me (Absolute Universe),18.63,https://www.amazon.com/Absolute-Wonder-Woman-Vol-Mothers/dp/1799507548/ref=sr_1_1
260908,9781799507642,Amazon,"John Constantine, Hellblazer by Paul Jenkins and Sean Phillips Omnibus",112.43,https://www.amazon.com/Constantine-Hellblazer-Jenkins-Phillips-Omnibus/dp/1799507645/ref=sr_1_1
260908,9781799507697,Amazon,The Flash: Rebirth: DC Compact Comics Edition,8.99,https://www.amazon.com/Flash-Rebirth-DC-Compact-Comics/dp/1799507696/ref=sr_1_1
260908,9781799507703,Amazon,Nightwing: Leaping into the Light: DC Compact Comics Edition,8.99,https://www.amazon.com/Nightwing-Leaping-Light-Compact-Comics/dp/179950770X/ref=sr_1_1
260908,9781799507710,Amazon,DC Finest: Deadman: How Many Times Can a Guy Die?,24.89,https://www.amazon.com/DC-Finest-Deadman-Many-Times/dp/1799507718/ref=sr_1_1
260908,9781799507734,Amazon,DC Finest: Justice League of America: Starro the Conqueror,30.0,https://www.amazon.com/DC-Finest-Justice-America-Conqueror/dp/1799507734/ref=sr_1_1
260908,9781799507864,Amazon,Batman: The Dark Knight Returns: DC Compact Comics Edition,8.99,https://www.amazon.com/Batman-Knight-Returns-Compact-Comics/dp/1799507866/ref=sr_1_1
260908,9781799507932,Amazon,JLA Book Three,33.3,https://www.amazon.com/JLA-Book-Three-Grant-Morrison/dp/1799507939/ref=sr_1_1
260908,9781799508007,Amazon,Green Arrow By Jeff Lemire and Andrea Sorrentino: The Deluxe Edition (New Edition),40.84,https://www.amazon.com/Green-Arrow-Lemire-Andrea-Sorrentino/dp/1799508005/ref=sr_1_1
260908,9781799508038,Amazon,Batman: Urban Legends Omnibus Vol. 1,51.81,https://www.amazon.com/Batman-Urban-Legends-Omnibus-Vol/dp/179950803X/ref=sr_1_1
260908,9781799508045,Amazon,Zatanna by Paul Dini Omnibus,100.0,https://www.amazon.com/Zatanna-Paul-Dini-Omnibus/dp/1799508048/ref=sr_1_1
260908,9781799508076,Amazon,Gotham Central: DC Compact Comics Edition,8.99,https://www.amazon.com/Gotham-Central-DC-Compact-Comics/dp/1799508072/ref=sr_1_1
260908,9781799508083,Amazon,Green Arrow: Year One: DC Compact Comics Edition,8.99,https://www.amazon.com/Green-Arrow-Year-Compact-Comics/dp/1799508080/ref=sr_1_1
260908,9781799508113,Amazon,DC Finest: Wonder Woman: Dawn Before Darkness,25.53,https://www.amazon.com/DC-Finest-Wonder-Before-Darkness/dp/1799508110/ref=sr_1_1
260908,9781799508151,Amazon,Robin: Year One (New Edition),19.99,https://www.amazon.com/Robin-Year-One-Chuck-Dixon/dp/1799508153/ref=sr_1_1
260908,9781799508168,Amazon,Green Lantern Corps Vol. 2: Lanterns United,17.99,https://www.amazon.com/Green-Lantern-Corps-Vol-Lanterns/dp/1799508161/ref=sr_1_1
260908,9781799508212,Amazon,Batman: Under the Red Hood: DC Compact Comics Edition,8.99,https://www.amazon.com/Batman-Under-Hood-Compact-Comics/dp/1799508218/ref=sr_1_1
260908,9781799508236,Amazon,Batman: Detective Comics: The New 52 Omnibus Vol. 2,70.51,https://www.amazon.com/Batman-Detective-Comics-Omnibus-Vol/dp/1799508234/ref=sr_1_1
260908,9781799508281,Amazon,Superman: Red Son: DC Compact Comics Edition,8.99,https://www.amazon.com/Superman-Red-Son-Compact-Comics/dp/1799508285/ref=sr_1_1
260908,9781799508298,Amazon,DC Finest: Robin: The Origin of Robin,24.89,https://www.amazon.com/DC-Finest-Robin-Origin/dp/1799508293/ref=sr_1_1
260908,9781799508342,Amazon,Superman Adventures Compendium Two,44.18,https://www.amazon.com/Superman-Adventures-Compendium-Mark-Millar/dp/179950834X/ref=sr_1_1
260908,9781799508502,Amazon,Nightwing by Tom Taylor and Bruno Redondo Omnibus Vol. 2,79.19,https://www.amazon.com/Nightwing-Taylor-Bruno-Redondo-Omnibus/dp/1799508501/ref=sr_1_1
260908,9781799508519,Amazon,Wonder Woman by George Perez Omnibus Vol. 2 (New Edition),62.32,https://www.amazon.com/Wonder-Woman-George-Perez-Omnibus/dp/179950851X/ref=sr_1_1
260908,9781799508557,Amazon,Batgirl of Burnside: DC Compact Comics Edition,9.99,https://www.amazon.com/Batgirl-Burnside-DC-Compact-Comics/dp/1799508552/ref=sr_1_1
260908,9781799508564,Amazon,Injustice: Gods Among Us: Year One: DC Compact Comics Edition,8.99,https://www.amazon.com/Injustice-Gods-Among-Compact-Comics/dp/1799508560/ref=sr_1_1
260908,9781799508649,Amazon,Batman/Superman: World's Finest Vol. 9: The Merger,19.99,https://www.amazon.com/Batman-Superman-Worlds-Finest-Merger/dp/1799508641/ref=sr_1_1
260908,9781799508663,Amazon,Nightwing Vol. 3: The Cirque du Sin,17.99,https://www.amazon.com/Nightwing-Vol-Cirque-Dan-Watters/dp/1799508668/ref=sr_1_1
260908,9781799508687,Amazon,Poison Ivy Vol. 7: Amuse-bouche,19.99,https://www.amazon.com/Poison-Ivy-Vol-7-Amuse-bouche/dp/1799508684/ref=sr_1_1
260908,9781799508694,Amazon,DC K.O. Superman,17.99,https://www.amazon.com/DC-K-Superman-Joshua-Williamson/dp/1799508692/ref=sr_1_1
260908,9781799508731,Amazon,The New Titans Omnibus Vol. 1,108.24,https://www.amazon.com/New-Titans-Omnibus-Vol/dp/1799508730/ref=sr_1_1
260908,9781799508755,Amazon,Batwoman Omnibus (2026 Edition),99.12,https://www.amazon.com/Batwoman-Omnibus-2026-Greg-Rucka/dp/1799508757/ref=sr_1_1
260908,9781799508793,Amazon,Batman & Son: DC Compact Comics Edition,9.99,https://www.amazon.com/Batman-Son-DC-Compact-Comics/dp/179950879X/ref=sr_1_1
260908,9781799508809,Amazon,Dark Nights: Metal: DC Compact Comics Edition,9.99,https://www.amazon.com/Dark-Nights-Metal-Compact-Comics/dp/1799508803/ref=sr_1_1
260908,9781799508830,Amazon,DC Finest: Justice League of America: Crisis on Earth-X,26.5,https://www.amazon.com/DC-Finest-Justice-America-Earth-X/dp/1799508838/ref=sr_1_1
260908,9781799508861,Amazon,Batman by Tom King Book Three,37.27,https://www.amazon.com/Batman-Tom-King-Book-Three/dp/1799508862/ref=sr_1_1
260908,9781799508892,Amazon,JSA Vol. 3: Year One,17.99,https://www.amazon.com/JSA-Vol-3-Year-One/dp/1799508897/ref=sr_1_1
260908,9781799508915,Amazon,Absolute Batman Vol. 3: Devil's Workshop (Absolute Universe),19.99,https://www.amazon.com/Absolute-Batman-Vol-Workshop-Universe/dp/1799508919/ref=sr_1_1
260908,9781799508960,Amazon,Batgirl Vol. 3: The War of Shadows,17.99,https://www.amazon.com/Batgirl-Vol-3-War-Shadows/dp/179950896X/ref=sr_1_1
260908,9781799509035,Amazon,Absolute Green Lantern: Rebirth (New Edition),100.0,https://www.amazon.com/Absolute-Green-Lantern-Rebirth-New/dp/1799509036/ref=sr_1_1
260908,9781799509066,Amazon,Batman: Detective Comics by Ram V Omnibus,150.0,https://www.amazon.com/Batman-Detective-Comics-Ram-Omnibus/dp/1799509060/ref=sr_1_1
260908,9781799509073,Amazon,Wonder Woman: Rebirth by Greg Rucka Omnibus,80.99,https://www.amazon.com/Wonder-Woman-Rebirth-Rucka-Omnibus/dp/1799509079/ref=sr_1_1
260908,9781799509097,Amazon,Absolute Power Omnibus,139.8,https://www.amazon.com/Absolute-Power-Omnibus-Mark-Waid/dp/1799509095/ref=sr_1_1
260908,9781799509110,Amazon,Fables: No More Happily Ever After: DC Compact Comics Edition,9.99,https://www.amazon.com/Fables-Happily-After-Compact-Comics/dp/1799509117/ref=sr_1_1
260908,9781799509172,Amazon,Batman by Grant Morrison Book Three,36.23,https://www.amazon.com/Batman-Grant-Morrison-Book-Three/dp/1799509176/ref=sr_1_1
260908,9781799509295,Amazon,Swamp Thing: The Anatomy Lesson: DC Compact Comics Edition,9.99,https://www.amazon.com/Swamp-Thing-Anatomy-Lesson-Compact/dp/179950929X/ref=sr_1_1
260908,9781799509301,Amazon,Batman: Harley and Ivy: DC Compact Comics Edition,9.99,https://www.amazon.com/Batman-Harley-Ivy-Compact-Comics/dp/1799509303/ref=sr_1_1
260908,9781799509387,Amazon,Green Lantern Vol. 6: With This Ring,17.99,https://www.amazon.com/Green-Lantern-Vol-This-Ring/dp/1799509389/ref=sr_1_1
260908,9781799509509,Amazon,Harley & Ivy: Life & Crimes,17.99,https://www.amazon.com/Harley-Ivy-Crimes-Erica-Henderson/dp/1799509508/ref=sr_1_1
260908,9781799510277,Amazon,DC Finest: Hard Traveling Heroes,26.52,https://www.amazon.com/DC-Finest-Hard-Traveling-Heroes/dp/1799510271/ref=sr_1_1
260908,9781799510291,Amazon,DC Finest: Green Lantern: Setting Up Shop,37.27,https://www.amazon.com/DC-Finest-Green-Lantern-Setting/dp/1799510298/ref=sr_1_1
260908,9781799510307,Amazon,DC Finest: Batman: The Demon Lives Again!,39.99,https://www.amazon.com/DC-Finest-Batman-Demon-Lives/dp/1799510301/ref=sr_1_1
260908,9781799510857,Amazon,DC K.O.,19.99,https://www.amazon.com/DC-K-Scott-Snyder/dp/1799510859/ref=sr_1_1
260908,9781799510888,Amazon,Absolute Martian Manhunter Vol. 2: The Agency (Absolute Universe),16.77,https://www.amazon.com/Absolute-Martian-Manhunter-Vol-Universe/dp/1799510883/ref=sr_1_1
260908,9781799512967,Amazon,DC K.O.: All Fight,18.63,https://www.amazon.com/DC-K-All-Fight/dp/1799512967/ref=sr_1_1
260908,9781799513162,Amazon,DC Finest: Batman: Blind Justice,26.16,https://www.amazon.com/DC-Finest-Batman-Blind-Justice/dp/1799513165/ref=sr_1_1
260908,9781799513605,Amazon,DC Finest: Supergirl: Die and Let Live,25.65,https://www.amazon.com/DC-Finest-Supergirl-Die-Live/dp/1799513602/ref=sr_1_1
260908,9781799515487,Amazon,DC K.O.: Battle Royale,18.63,https://www.amazon.com/DC-K-Battle-Royale/dp/1799515486/ref=sr_1_1
260908,9781799517092,Amazon,,,
260908,9781799517726,Amazon,Green Lantern: Kyle Rayner Vol. 1 (Green Lantern (1990-2004)),9.99,https://www.amazon.com/Green-Lantern-Kyle-Rayner-1990-2004-ebook/dp/B075M1MW7L/ref=sr_1_1
260908,9781846532979,Amazon,Hawkeye Omnibus Vol. 1,183.68,https://www.amazon.com/Hawkeye-Omnibus-Vol-1-Fraction/dp/1846532973/ref=sr_1_1
260908,9785012256263,Amazon,DC Finest: Batman: The Killing Joke and Other Stories,25.29,https://www.amazon.com/DC-Finest-Batman-Killing-Stories/dp/1799501450/ref=sr_1_1
260908,9798887241296,Amazon,Teenage Mutant Ninja Turtles: The Last Ronin II--Re-Evolution,18.61,https://www.amazon.com/Teenage-Mutant-Ninja-Turtles-II-Re-Evolution/dp/B0DMS6H4DQ/ref=sr_1_1
260908,9798887244631,Amazon,Teenage Mutant Ninja Turtles: The Last Ronin,18.63,https://www.amazon.com/Teenage-Mutant-Ninja-Turtles-Ronin/dp/B0G42R4LY6/ref=sr_1_1
260908,9798892155625,Amazon,Something is Killing the Children Omnibus Vol. 1,28.0,https://www.amazon.com/Something-Killing-Children-Omnibus-Vol/dp/B0DQWYLNF1/ref=sr_1_1
260908,9798892156387,Amazon,BRZRKR Book One,24.79,https://www.amazon.com/BRZRKR-Book-One-Keanu-Reeves/dp/B0DQWTQXTB/ref=sr_1_1
260908,9798892158763,Amazon,Something is Killing the Children Omnibus Vol. 2,38.64,https://www.amazon.com/Something-Killing-Children-Omnibus-Vol/dp/B0G43144K2/ref=sr_1_1
260908,9780062964083,In Stock Trades,,,
260908,9780394747231,In Stock Trades,,,
260908,9780785108559,In Stock Trades,,,
260908,9780785120124,In Stock Trades,,,
260908,9780785120469,In Stock Trades,,,
260908,9780785121794,In Stock Trades,,,
260908,9780785134503,In Stock Trades,Spider-Man Kravens Last Hunt TP,9.74,https://www.instocktrades.com/products/jun082443/spider-man-kravens-last-hunt-tp
260908,9780785134794,In Stock Trades,,,
260908,9780785137245,In Stock Trades,,,
260908,9780785142867,In Stock Trades,,,
260908,9780785154624,In Stock Trades,,,
260908,9780785157267,In Stock Trades,,,
260908,9780785167273,In Stock Trades,,,
260908,9780785168508,In Stock Trades,,,
260908,9780785170723,In Stock Trades,,,
260908,9780785170938,In Stock Trades,,,
260908,9780785178460,In Stock Trades,,,
260908,9780785181934,In Stock Trades,,,
260908,9780785182092,In Stock Trades,,,
260908,9780785184546,In Stock Trades,,,
260908,9780785190219,In Stock Trades,,,
260908,9780785193647,In Stock Trades,,,
260908,9780785194736,In Stock Trades,Ultimate Invasion TP,12.49,https://www.instocktrades.com/products/dec230764d/ultimate-invasion-tp
260908,9780785198956,In Stock Trades,,,
260908,9780785199618,In Stock Trades,,,
260908,9781302377045,In Stock Trades,,,
260908,9781302402228,In Stock Trades,,,
260908,9781302480998,In Stock Trades,,,
260908,9781302488673,In Stock Trades,,,
260908,9781302494926,In Stock Trades,,,
260908,9781302513603,In Stock Trades,,,
260908,9781302515072,In Stock Trades,,,
260908,9781302515492,In Stock Trades,,,
260908,9781302517946,In Stock Trades,,,
260908,9781302517960,In Stock Trades,,,
260908,9781302900533,In Stock Trades,Black Panther TP Book 01 Nation Under Our Feet,11.04,https://www.instocktrades.com/products/jun160956/black-panther-tp-book-01-nation-under-our-feet
260908,9781302901905,In Stock Trades,,,
260908,9781302901967,In Stock Trades,,,
260908,9781302907693,In Stock Trades,,,
260908,9781302911386,In Stock Trades,,,
260908,9781302912123,In Stock Trades,,,
260908,9781302912550,In Stock Trades,,,
260908,9781302913274,In Stock Trades,,,
260908,9781302913281,In Stock Trades,,,
260908,9781302914981,In Stock Trades,,,
260908,9781302914998,In Stock Trades,,,
260908,9781302915469,In Stock Trades,,,
260908,9781302915704,In Stock Trades,,,
260908,9781302917333,In Stock Trades,,,
260908,9781302923730,In Stock Trades,,,
260908,9781302931872,In Stock Trades,,,
260908,9781302933630,In Stock Trades,,,
260908,9781302944285,In Stock Trades,,,
260908,9781302945633,In Stock Trades,,,
260908,9781302945947,In Stock Trades,,,
260908,9781302947729,In Stock Trades,,,
260908,9781302950330,In Stock Trades,,,
260908,9781302950507,In Stock Trades,,,
260908,9781302952747,In Stock Trades,Civil War II New Ptg TP,22.74,https://www.instocktrades.com/products/jan240981/civil-war-ii-new-ptg-tp
260908,9781302954161,In Stock Trades,Incredible Hulk TP Vol 01 Age of Monsters,12.99,https://www.instocktrades.com/products/oct230924/incredible-hulk-tp-vol-01-age-of-monsters
260908,9781302955236,In Stock Trades,Avengers Epic Collection TP Vol 11 the Evil Reborn,32.49,https://www.instocktrades.com/products/feb240829/avengers-epic-collection-tp-vol-11-the-evil-reborn
260908,9781302955595,In Stock Trades,,,
260908,9781302956219,In Stock Trades,,,
260908,9781302957292,In Stock Trades,Ultimate Spider-Man By Hickman TP Vol 01 Married W Children,12.99,https://www.instocktrades.com/products/may240848/ultimate-spider-man-by-hickman-tp-vol-01-married-w-children
260908,9781302957308,In Stock Trades,,,
260908,9781302957513,In Stock Trades,Ultimates By Deniz Camp TP Vol 01 Fix the World,16.24,https://www.instocktrades.com/products/oct240795/ultimates-by-deniz-camp-tp-vol-01-fix-the-world
260908,9781302957810,In Stock Trades,,,
260908,9781302957834,In Stock Trades,,,
260908,9781302957902,In Stock Trades,,,
260908,9781302957964,In Stock Trades,,,
260908,9781302958190,In Stock Trades,Ultimates By Deniz Camp TP Vol 03 Rescue Mission,12.99,https://www.instocktrades.com/products/dec254561/ultimates-by-deniz-camp-tp-vol-03-rescue-mission
260908,9781302958206,In Stock Trades,Ultimates By Deniz Camp TP Vol 04 Uprising,12.99,https://www.instocktrades.com/products/apr264634/ultimates-by-deniz-camp-tp-vol-04-uprising
260908,9781302958237,In Stock Trades,Ultimate Black Panther By Bryan Hill TP Vol 02 Gods & Kings,11.69,https://www.instocktrades.com/products/jan250976/ultimate-black-panther-by-bryan-hill-tp-vol-02-gods-kings
260908,9781302958251,In Stock Trades,Ultimate Black Panther By Bryan Hill TP Vol 04 Destiny and Destruction,12.99,https://www.instocktrades.com/products/feb264756/ultimate-black-panther-by-bryan-hill-tp-vol-04-destiny-and-destruction
260908,9781302958282,In Stock Trades,Ultimate Spider-Man By Jonathan Hickman TP Vol 02 the Paper,10.0,https://www.instocktrades.com/products/dec240862d/ultimate-spider-man-by-jonathan-hickman-tp-vol-02-the-paper
260908,9781302958299,In Stock Trades,,,
260908,9781302958305,In Stock Trades,Ultimate Spider-Man By Jonathan Hickman TP Vol 04 One Last Day,12.99,https://www.instocktrades.com/products/feb264757/ultimate-spider-man-by-jonathan-hickman-tp-vol-04-one-last-day
260908,9781302958336,In Stock Trades,Ultimate X-Men By Peach Momoko TP Vol 02 Children of Atom,12.99,https://www.instocktrades.com/products/feb250939/ultimate-x-men-by-peach-momoko-tp-vol-02-children-of-atom
260908,9781302958343,In Stock Trades,Ultimate X-Men By Peach Momoko TP Vol 03 the Realm of the Mind,12.99,https://www.instocktrades.com/products/aug254873/ultimate-x-men-by-peach-momoko-tp-vol-03-the-realm-of-the-mind
260908,9781302958350,In Stock Trades,Ultimate X-Men By Peach Momoko Vol 04 Childrens Whereabouts TP,12.99,https://www.instocktrades.com/products/mar264612/ultimate-x-men-by-peach-momoko-vol-04-childrens-whereabouts-tp
260908,9781302960490,In Stock Trades,,,
260908,9781302960513,In Stock Trades,,,
260908,9781302960889,In Stock Trades,X-Men By Jed Mackay TP Vol 04 Age of Revelation Aftermath,10.39,https://www.instocktrades.com/products/apr264639/x-men-by-jed-mackay-tp-vol-04-age-of-revelation-aftermath
260908,9781302962005,In Stock Trades,,,
260908,9781302962012,In Stock Trades,,,
260908,9781302962029,In Stock Trades,,,
260908,9781302962036,In Stock Trades,Jeph Loeb & Tim Sale Captain America TP,12.99,https://www.instocktrades.com/products/sep254788/jeph-loeb-tim-sale-captain-america-tp
260908,9781302962050,In Stock Trades,Ultimate Wolverine TP Vol 01 the Winter Soldier,12.99,https://www.instocktrades.com/products/may250631/ultimate-wolverine-tp-vol-01-the-winter-soldier
260908,9781302962067,In Stock Trades,Ultimate Wolverine TP Vol 02 Logan,12.99,https://www.instocktrades.com/products/dec254560/ultimate-wolverine-tp-vol-02-logan
260908,9781302963002,In Stock Trades,,,
260908,9781302964023,In Stock Trades,New Avengers TP Vol 02 the Other Woman,10.39,https://www.instocktrades.com/products/may264758/new-avengers-tp-vol-02-the-other-woman
260908,9781302964726,In Stock Trades,Amazing Spider-Man Torn TP,11.69,https://www.instocktrades.com/products/mar264591/amazing-spider-man-torn-tp
260908,9781302964818,In Stock Trades,Ultimate Incursion TP,11.69,https://www.instocktrades.com/products/nov254564/ultimate-incursion-tp
260908,9781302964863,In Stock Trades,,,
260908,9781302964870,In Stock Trades,,,
260908,9781302965402,In Stock Trades,,,
260908,9781302965549,In Stock Trades,Civil War (Marvel Premier Collect) TP,9.74,https://www.instocktrades.com/products/apr250677/civil-war-(marvel-premier-collect)-tp
260908,9781302965556,In Stock Trades,,,
260908,9781302965563,In Stock Trades,Spider-Men Worlds Collide TP [Marvel Premier Collection],9.74,https://www.instocktrades.com/products/dec254552/spider-men-worlds-collide-tp-[marvel-premier-collection]
260908,9781302965570,In Stock Trades,,,
260908,9781302965587,In Stock Trades,,,
260908,9781302965983,In Stock Trades,Daredevil TP Born Again (Marvel Premier Collection),9.74,https://www.instocktrades.com/products/sep247438a/daredevil-tp-born-again-(marvel-premier-collection)
260908,9781302966638,In Stock Trades,Amazing Spider-Man By Zeb Wells Omnibus HC Vol 02 Romita Jr Cover,81.25,https://www.instocktrades.com/products/feb264731/amazing-spider-man-by-zeb-wells-omnibus-hc-vol-02-romita-jr-cover
260908,9781302966690,In Stock Trades,Avengers Time Runs Out TP [Marvel Premier Collection],9.74,https://www.instocktrades.com/products/may264744/avengers-time-runs-out-tp-[marvel-premier-collection]
260908,9781302966737,In Stock Trades,,,
260908,9781302967086,In Stock Trades,Amazing Spider-Man Modern Era Epic Collection Sins Past TP,32.49,https://www.instocktrades.com/products/jan264577/amazing-spider-man-modern-era-epic-collection-sins-past-tp
260908,9781302967109,In Stock Trades,,,
260908,9781302967123,In Stock Trades,,,
260908,9781302967147,In Stock Trades,Deadpool Modern Era Epic Collection X X Baby TP,32.49,https://www.instocktrades.com/products/mar264597/deadpool-modern-era-epic-collection-x-x-baby-tp
260908,9781302967307,In Stock Trades,,,
260908,9781302967826,In Stock Trades,Punisher & Fury Max By Garth Ennis Omnibus HC Dave Johnson Cover (MR),65.0,https://www.instocktrades.com/products/dec254547/punisher-fury-max-by-garth-ennis-omnibus-hc-dave-johnson-cover-(mr)
260908,9781302967857,In Stock Trades,,,
260908,9781302967888,In Stock Trades,,,
260908,9781302967949,In Stock Trades,,,
260908,9781302968120,In Stock Trades,Ultimate Wolverine TP Vo 03 the Makers Mark,10.39,https://www.instocktrades.com/products/may264770/ultimate-wolverine-tp-vo-03-the-makers-mark
260908,9781302968168,In Stock Trades,Infamous Iron Man the Rise of Doom TP,12.99,https://www.instocktrades.com/products/apr264624/infamous-iron-man-the-rise-of-doom-tp
260908,9781302968342,In Stock Trades,,,
260908,9781302968359,In Stock Trades,,,
260908,9781302968458,In Stock Trades,Doctor Doom Epic Collection Revolution In Latveria TP,27.5,https://www.instocktrades.com/products/feb264737d/doctor-doom-epic-collection-revolution-in-latveria-tp
260908,9781302968571,In Stock Trades,,,
260908,9781302968632,In Stock Trades,Wolverine Not Dead Yet Omnibus HC Leinil Yu Cover,97.5,https://www.instocktrades.com/products/nov254568/wolverine-not-dead-yet-omnibus-hc-leinil-yu-cover
260908,9781302968663,In Stock Trades,,,
260908,9781302968830,In Stock Trades,Daredevil By Nocenti & Romita Jr Omnibus HC Vol 02 John Romita Jr Cover,81.25,https://www.instocktrades.com/products/jan264581/daredevil-by-nocenti-romita-jr-omnibus-hc-vol-02-john-romita-jr-cover
260908,9781302968922,In Stock Trades,Hulk Smash Everything TP,11.69,https://www.instocktrades.com/products/mar264598/hulk-smash-everything-tp
260908,9781302968939,In Stock Trades,Superior Foes of Spider-Man TP,16.24,https://www.instocktrades.com/products/mar264610/superior-foes-of-spider-man-tp
260908,9781302969097,In Stock Trades,Planet Hulk Marvel Premier Collection TP,7.5,https://www.instocktrades.com/products/nov254551d/planet-hulk-marvel-premier-collection-tp
260908,9781302969325,In Stock Trades,,,
260908,9781302969691,In Stock Trades,,,
260908,9781302969776,In Stock Trades,Spider-Girl Modern Era Epic Collection Comes the Carnage TP,32.49,https://www.instocktrades.com/products/may264760/spider-girl-modern-era-epic-collection-comes-the-carnage-tp
260908,9781302969998,In Stock Trades,,,
260908,9781302970024,In Stock Trades,Miles Morales Spider-Man Modern Era Epic Collection Sitting In A Tree TP,32.49,https://www.instocktrades.com/products/may264755/miles-morales-spider-man-modern-era-epic-collection-sitting-in-a-tree-tp
260908,9781302970291,In Stock Trades,,,
260908,9781302970567,In Stock Trades,,,
260908,9781302970659,In Stock Trades,,,
260908,9781401201920,In Stock Trades,,,
260908,9781401207526,In Stock Trades,,,
260908,9781401212414,In Stock Trades,,,
260908,9781401213596,In Stock Trades,,,
260908,9781401216269,In Stock Trades,Batman the Man Who Laughs TP,8.99,https://www.instocktrades.com/products/sep080167/batman-the-man-who-laughs-tp
260908,9781401216993,In Stock Trades,,,
260908,9781401219215,In Stock Trades,,,
260908,9781401219239,In Stock Trades,,,
260908,9781401220341,In Stock Trades,,,
260908,9781401225759,In Stock Trades,,,
260908,9781401225766,In Stock Trades,,,
260908,9781401229870,In Stock Trades,,,
260908,9781401231453,In Stock Trades,,,
260908,9781401232054,In Stock Trades,,,
260908,9781401232078,In Stock Trades,,,
260908,9781401232597,In Stock Trades,,,
260908,9781401232740,In Stock Trades,,,
260908,9781401232993,In Stock Trades,,,
260908,9781401233143,In Stock Trades,,,
260908,9781401233792,In Stock Trades,Batman Knightfall TP New Ed Vol 01,17.99,https://www.instocktrades.com/products/jan120303/batman-knightfall-tp-new-ed-vol-01
260908,9781401233846,In Stock Trades,,,
260908,9781401234553,In Stock Trades,,,
260908,9781401235178,In Stock Trades,,,
260908,9781401235420,In Stock Trades,,,
260908,9781401238025,In Stock Trades,,,
260908,9781401238964,In Stock Trades,Watchmen the Deluxe Ed HC,23.99,https://www.instocktrades.com/products/feb130225/watchmen-the-deluxe-ed-hc
260908,9781401240332,In Stock Trades,,,
260908,9781401240455,In Stock Trades,,,
260908,9781401244019,In Stock Trades,Batman Dark Victory TP New Ed,14.99,https://www.instocktrades.com/products/nov130237/batman-dark-victory-tp-new-ed
260908,9781401244163,In Stock Trades,,,
260908,9781401245252,In Stock Trades,,,
260908,9781401248888,In Stock Trades,,,
260908,9781401251345,In Stock Trades,,,
260908,9781401251468,In Stock Trades,,,
260908,9781401253134,In Stock Trades,,,
260908,9781401254728,In Stock Trades,,,
260908,9781401255268,In Stock Trades,Green Lantern By Geoff Johns Omnibus HC Vol 02,75.0,https://www.instocktrades.com/products/mar157120/green-lantern-by-geoff-johns-omnibus-hc-vol-02
260908,9781401257965,In Stock Trades,,,
260908,9781401257989,In Stock Trades,,,
260908,9781401258207,In Stock Trades,,,
260908,9781401258238,In Stock Trades,,,
260908,9781401258313,In Stock Trades,,,
260908,9781401263119,In Stock Trades,,,
260908,9781401263126,In Stock Trades,,,
260908,9781401263522,In Stock Trades,,,
260908,9781401265854,In Stock Trades,,,
260908,9781401267353,In Stock Trades,,,
260908,9781401267452,In Stock Trades,,,
260908,9781401268237,In Stock Trades,,,
260908,9781401270261,In Stock Trades,,,
260908,9781401271947,In Stock Trades,,,
260908,9781401274375,In Stock Trades,Absolute Justice League Origin HC,59.99,https://www.instocktrades.com/products/may170343/absolute-justice-league-origin-hc
260908,9781401278991,In Stock Trades,,,
260908,9781401283292,In Stock Trades,,,
260908,9781401283544,In Stock Trades,,,
260908,9781401284626,In Stock Trades,Absolute Kingdom Come HC New Ed,59.99,https://www.instocktrades.com/products/feb180293/absolute-kingdom-come-hc-new-ed
260908,9781401286231,In Stock Trades,,,
260908,9781401287191,In Stock Trades,,,
260908,9781401288136,In Stock Trades,,,
260908,9781401290832,In Stock Trades,,,
260908,9781401292317,In Stock Trades,,,
260908,9781401295295,In Stock Trades,,,
260908,9781401295325,In Stock Trades,Flash Omnibus By Geoff Johns HC Vol 01 New Edition,59.99,https://www.instocktrades.com/products/aug197277/flash-omnibus-by-geoff-johns-hc-vol-01-new-edition
260908,9781401297244,In Stock Trades,,,
260908,9781506702162,In Stock Trades,,,
260908,9781506711423,In Stock Trades,,,
260908,9781506726823,In Stock Trades,,,
260908,9781524108595,In Stock Trades,Boys Omnibus TP Vol 01,20.99,https://www.instocktrades.com/products/jun2571033/boys-omnibus-tp-vol-01
260908,9781524109707,In Stock Trades,,,
260908,9781524111403,In Stock Trades,,,
260908,9781534300286,In Stock Trades,,,
260908,9781534300361,In Stock Trades,,,
260908,9781534302280,In Stock Trades,,,
260908,9781534303348,In Stock Trades,,,
260908,9781534306752,In Stock Trades,,,
260908,9781534306868,In Stock Trades,,,
260908,9781534308527,In Stock Trades,Gideon Falls TP Vol 01 Black Barn (MR),6.19,https://www.instocktrades.com/products/aug180153/gideon-falls-tp-vol-01-black-barn-(mr)
260908,9781534308763,In Stock Trades,Ice Cream Man TP Vol 02 Strange Neapolitan (MR),10.53,https://www.instocktrades.com/products/oct180089/ice-cream-man-tp-vol-02-strange-neapolitan-(mr)
260908,9781534312265,In Stock Trades,Ice Cream Man TP Vol 03 Hopscotch Melange (MR),10.53,https://www.instocktrades.com/products/apr190070/ice-cream-man-tp-vol-03-hopscotch-melange-(mr)
260908,9781534312357,In Stock Trades,,,
260908,9781534313408,In Stock Trades,Walking Dead Compendium TP Vol 04,37.19,https://www.instocktrades.com/products/jul190111/walking-dead-compendium-tp-vol-04
260908,9781534318335,In Stock Trades,,,
260908,9781534319165,In Stock Trades,,,
260908,9781534321281,In Stock Trades,,,
260908,9781534322042,In Stock Trades,,,
260908,9781534323285,In Stock Trades,Radiant Black TP Vol 03 A Massive-Verse Book Mv,10.53,https://www.instocktrades.com/products/jun227338/radiant-black-tp-vol-03-a-massive-verse-book-mv
260908,9781534323865,In Stock Trades,Its Lonely at the Centre of the Earth TP (MR),8.05,https://www.instocktrades.com/products/aug237900/its-lonely-at-the-centre-of-the-earth-tp-(mr)
260908,9781534324749,In Stock Trades,Do A Powerbomb TP,15.49,https://www.instocktrades.com/products/dec220145/do-a-powerbomb-tp
260908,9781534324770,In Stock Trades,,,
260908,9781534325197,In Stock Trades,,,
260908,9781534325937,In Stock Trades,,,
260908,9781534327764,In Stock Trades,Invincible Complete Library HC Vol 06,77.5,https://www.instocktrades.com/products/may247263/invincible-complete-library-hc-vol-06
260908,9781534328013,In Stock Trades,Invincible TP Vol 09 New Edition,9.29,https://www.instocktrades.com/products/feb257455/invincible-tp-vol-09-new-edition
260908,9781534328020,In Stock Trades,Invincible TP Vol 10 New Edition,9.29,https://www.instocktrades.com/products/apr257478/invincible-tp-vol-10-new-edition
260908,9781534328037,In Stock Trades,Invincible TP Vol 11 New Edition,9.29,https://www.instocktrades.com/products/jun257432/invincible-tp-vol-11-new-edition
260908,9781534328044,In Stock Trades,,,
260908,9781534328075,In Stock Trades,,,
260908,9781534328297,In Stock Trades,East of West End Times Compendium TP,37.19,https://www.instocktrades.com/products/dec247378/east-of-west-end-times-compendium-tp
260908,9781534329553,In Stock Trades,Scarlett TP Vol 01 Marco Ferrari & Lee Loughridge Book Market CVR,9.29,https://www.instocktrades.com/products/sep247313/scarlett-tp-vol-01-marco-ferrari-lee-loughridge-book-market-cvr
260908,9781534329898,In Stock Trades,Transformers TP Vol 03 Combiner Chaos Johnson & Spicer CVR,10.53,https://www.instocktrades.com/products/mar257431/transformers-tp-vol-03-combiner-chaos-johnson-spicer-cvr
260908,9781534329904,In Stock Trades,Gi Joe TP Vol 02 Bludds Revenge Tom Reilly CVR,10.53,https://www.instocktrades.com/products/sep2570450/gi-joe-tp-vol-02-bludds-revenge-tom-reilly-cvr
260908,9781534329928,In Stock Trades,Invincible TP Vol 15 New Edition,9.29,https://www.instocktrades.com/products/feb2670503/invincible-tp-vol-15-new-edition
260908,9781534329935,In Stock Trades,,,
260908,9781534330085,In Stock Trades,Invincible TP Vol 14 New Edition,9.29,https://www.instocktrades.com/products/dec2570454/invincible-tp-vol-14-new-edition
260908,9781534330306,In Stock Trades,Capes (Invincible Universe) TP Vol 01,8.49,https://www.instocktrades.com/products/mar2670424/capes-(invincible-universe)-tp-vol-01
260908,9781534330382,In Stock Trades,I Was A Fashion School Serial Killer TP (MR),12.39,https://www.instocktrades.com/products/oct2570458/i-was-a-fashion-school-serial-killer-tp-(mr)
260908,9781534330405,In Stock Trades,,,
260908,9781534330566,In Stock Trades,Tech Jacket Compendium TP Vol 01,24.79,https://www.instocktrades.com/products/sep2570444/tech-jacket-compendium-tp-vol-01
260908,9781534330849,In Stock Trades,Power Fantasy TP Vol 03 (MR),10.53,https://www.instocktrades.com/products/jan2670480/power-fantasy-tp-vol-03-(mr)
260908,9781534330948,In Stock Trades,Assorted Crisis Events TP Vol 02 Eric Zawadzki CVR (MR),10.53,https://www.instocktrades.com/products/may2670488/assorted-crisis-events-tp-vol-02-eric-zawadzki-cvr-(mr)
260908,9781534331457,In Stock Trades,Barrier TP (MR),12.39,https://www.instocktrades.com/products/mar2670419/barrier-tp-(mr)
260908,9781534331525,In Stock Trades,,,
260908,9781534332409,In Stock Trades,,,
260908,9781534332485,In Stock Trades,Ghost Pepper Taste of Cinders TP Vol 02 Ludo Lullabi & Adriano Lucas CVR,12.39,https://www.instocktrades.com/products/may2670491/ghost-pepper-taste-of-cinders-tp-vol-02-ludo-lullabi-adriano-lucas-cvr
260908,9781534332515,In Stock Trades,Void Rivals Quintesson War TP Vol 05 Lorenzo De Felici CVR,10.53,https://www.instocktrades.com/products/may2670500/void-rivals-quintesson-war-tp-vol-05-lorenzo-de-felici-cvr
260908,9781534332584,In Stock Trades,Transformers TP Vol 04 Conquer and Control Daniel Warren Johnson & Mike Spicer CVR,10.53,https://www.instocktrades.com/products/sep2570462/transformers-tp-vol-04-conquer-and-control-daniel-warren-johnson-mike-spicer-cvr
260908,9781534332638,In Stock Trades,,,
260908,9781534332720,In Stock Trades,Invincible TP Vol 16 New Edition,9.29,https://www.instocktrades.com/products/may2670495/invincible-tp-vol-16-new-edition
260908,9781534332898,In Stock Trades,Invincible TP Vol 13 New Edition,10.53,https://www.instocktrades.com/products/oct2570468/invincible-tp-vol-13-new-edition
260908,9781534332980,In Stock Trades,Invincible Omnibus HC Vol 01 Ryan Ottley & Dave Mccaig CVR,77.5,https://www.instocktrades.com/products/oct2570459/invincible-omnibus-hc-vol-01-ryan-ottley-dave-mccaig-cvr
260908,9781534333109,In Stock Trades,,,
260908,9781534333208,In Stock Trades,Five Gears In Reverse A Criminal Book HC (MR),12.5,https://www.instocktrades.com/products/dec2570263d/five-gears-in-reverse-a-criminal-book-hc-(mr)
260908,9781534333277,In Stock Trades,Invincible Universe Battle Beast TP Vol 01 Ryan Ottley & Annalisa Leoni CVR,10.53,https://www.instocktrades.com/products/aug2570465/invincible-universe-battle-beast-tp-vol-01-ryan-ottley-annalisa-leoni-cvr
260908,9781534333451,In Stock Trades,,,
260908,9781534333550,In Stock Trades,Transformers Generation One TP Vol 05 David Nakayama CVR,10.53,https://www.instocktrades.com/products/feb2670512/transformers-generation-one-tp-vol-05-david-nakayama-cvr
260908,9781534333628,In Stock Trades,Hyde Street TP Vol 02,9.29,https://www.instocktrades.com/products/may2670493/hyde-street-tp-vol-02
260908,9781534333819,In Stock Trades,Transformers the Movie Deluxe Edition HC Murphy CVR,21.69,https://www.instocktrades.com/products/mar2670431/transformers-the-movie-deluxe-edition-hc-murphy-cvr
260908,9781534333963,In Stock Trades,,,
260908,9781534334441,In Stock Trades,,,
260908,9781534335318,In Stock Trades,Invincible TP Vol 17 New Edition,9.29,https://www.instocktrades.com/products/jul2670578/invincible-tp-vol-17-new-edition
260908,9781534335370,In Stock Trades,,,
260908,9781534335547,In Stock Trades,Darkness (2025) TP Vol 01 Marc Silvestri & Arif Prianto CVR,11.15,https://www.instocktrades.com/products/may2670475/darkness-(2025)-tp-vol-01-marc-silvestri-arif-prianto-cvr
260908,9781534335714,In Stock Trades,Exquisite Corpses TP Vol 03 (MR),10.53,https://www.instocktrades.com/products/jun2670465/exquisite-corpses-tp-vol-03-(mr)
260908,9781534340268,In Stock Trades,Invincible TP Vol 05 New Edition (MR),9.29,https://www.instocktrades.com/products/jul247318/invincible-tp-vol-05-new-edition-(mr)
260908,9781534345270,In Stock Trades,,,
260908,9781534357686,In Stock Trades,,,
260908,9781534358058,In Stock Trades,,,
260908,9781534367364,In Stock Trades,,,
260908,9781534375062,In Stock Trades,Invincible TP Vol 07 New Edition,9.29,https://www.instocktrades.com/products/nov247278/invincible-tp-vol-07-new-edition
260908,9781534395565,In Stock Trades,,,
260908,9781534396807,In Stock Trades,Invincible TP Vol 08 New Edition,9.29,https://www.instocktrades.com/products/dec247394/invincible-tp-vol-08-new-edition
260908,9781534397378,In Stock Trades,Clementine GN Book 03,9.29,https://www.instocktrades.com/products/mar257413/clementine-gn-book-03
260908,9781534397705,In Stock Trades,Invincible Complete Library HC Vol 05,77.5,https://www.instocktrades.com/products/dec237237/invincible-complete-library-hc-vol-05
260908,9781534398085,In Stock Trades,Invincible TP Vol 04 New Edition,9.29,https://www.instocktrades.com/products/apr247249/invincible-tp-vol-04-new-edition
260908,9781534398092,In Stock Trades,Invincible TP Vol 03 New Edition,9.29,https://www.instocktrades.com/products/jan247220/invincible-tp-vol-03-new-edition
260908,9781534398153,In Stock Trades,,,
260908,9781534398160,In Stock Trades,,,
260908,9781534398177,In Stock Trades,,,
260908,9781534398184,In Stock Trades,,,
260908,9781534399037,In Stock Trades,,,
260908,9781534399068,In Stock Trades,Invincible Complete Library HC Vol 04,77.5,https://www.instocktrades.com/products/aug237339/invincible-complete-library-hc-vol-04
260908,9781534399952,In Stock Trades,,,
260908,9781534399969,In Stock Trades,Invincible Universe Compendium TP Vol 01,24.79,https://www.instocktrades.com/products/apr230132/invincible-universe-compendium-tp-vol-01
260908,9781563890055,In Stock Trades,,,
260908,9781563893421,In Stock Trades,,,
260908,9781563893742,In Stock Trades,,,
260908,9781563894695,In Stock Trades,,,
260908,9781582405001,In Stock Trades,Invincible HC Vol 01 Ultimate Coll,21.69,https://www.instocktrades.com/products/mar217127/invincible-hc-vol-01-ultimate-coll
260908,9781582405308,In Stock Trades,Walking Dead TP Vol 04 Hearts Desire (MR),9.29,https://www.instocktrades.com/products/sep088205/walking-dead-tp-vol-04-hearts-desire-(mr)
260908,9781582406121,In Stock Trades,Walking Dead TP Vol 05 Best Defense (MR),9.29,https://www.instocktrades.com/products/sep088206/walking-dead-tp-vol-05-best-defense-(mr)
260908,9781582406725,In Stock Trades,,,
260908,9781582406848,In Stock Trades,,,
260908,9781582407111,In Stock Trades,,,
260908,9781582407180,In Stock Trades,,,
260908,9781582407753,In Stock Trades,Walking Dead TP Vol 02 Miles Behind Us (MR),9.29,https://www.instocktrades.com/products/sep088204/walking-dead-tp-vol-02-miles-behind-us-(mr)
260908,9781582408057,In Stock Trades,Walking Dead TP Vol 03 Safety Behind Bars (New Ptg) (MR),9.29,https://www.instocktrades.com/products/nov082245/walking-dead-tp-vol-03-safety-behind-bars-(new-ptg)-(mr)
260908,9781582408286,In Stock Trades,Walking Dead TP Vol 07 the Calm Before (MR),9.29,https://www.instocktrades.com/products/sep088208/walking-dead-tp-vol-07-the-calm-before-(mr)
260908,9781582408835,In Stock Trades,Walking Dead TP Vol 08 Made to Suffer (MR),9.29,https://www.instocktrades.com/products/feb082136/walking-dead-tp-vol-08-made-to-suffer-(mr)
260908,9781593070946,In Stock Trades,,,
260908,9781593076405,In Stock Trades,,,
260908,9781593079789,In Stock Trades,,,
260908,9781595823458,In Stock Trades,,,
260908,9781595828934,In Stock Trades,,,
260908,9781607060222,In Stock Trades,Walking Dead TP Vol 09 Here We Remain (MR),9.29,https://www.instocktrades.com/products/nov082242/walking-dead-tp-vol-09-here-we-remain-(mr)
260908,9781607060758,In Stock Trades,Walking Dead TP Vol 10 What We Become,7.49,https://www.instocktrades.com/products/jun090332d/walking-dead-tp-vol-10-what-we-become
260908,9781607060765,In Stock Trades,,,
260908,9781607061120,In Stock Trades,Invincible Complete Library HC Vol 02,77.5,https://www.instocktrades.com/products/sep097169/invincible-complete-library-hc-vol-02
260908,9781607061816,In Stock Trades,Walking Dead TP Vol 11 Fear the Hunters (MR),9.29,https://www.instocktrades.com/products/oct090390/walking-dead-tp-vol-11-fear-the-hunters-(mr)
260908,9781607062547,In Stock Trades,Walking Dead TP Vol 12 Life Among Them (MR),9.29,https://www.instocktrades.com/products/apr100438/walking-dead-tp-vol-12-life-among-them-(mr)
260908,9781607062554,In Stock Trades,,,
260908,9781607063292,In Stock Trades,Walking Dead TP Vol 13 Too Far Gone (MR),9.29,https://www.instocktrades.com/products/sep100413/walking-dead-tp-vol-13-too-far-gone-(mr)
260908,9781607064114,In Stock Trades,Invincible Compendium TP Vol 01,40.29,https://www.instocktrades.com/products/jun110511/invincible-compendium-tp-vol-01
260908,9781607064213,In Stock Trades,Invincible Complete Library HC Vol 03,77.5,https://www.instocktrades.com/products/sep117135/invincible-complete-library-hc-vol-03
260908,9781607065968,In Stock Trades,Walking Dead Compendium TP Vol 02 (MR),37.19,https://www.instocktrades.com/products/aug127193/walking-dead-compendium-tp-vol-02-(mr)
260908,9781607066019,In Stock Trades,,,
260908,9781607067702,In Stock Trades,East of West TP Vol 01 the Promise,10.53,https://www.instocktrades.com/products/apr177203/east-of-west-tp-vol-01-the-promise
260908,9781607067726,In Stock Trades,,,
260908,9781607069461,In Stock Trades,,,
260908,9781613770078,In Stock Trades,,,
260908,9781616552473,In Stock Trades,,,
260908,9781631404740,In Stock Trades,,,
260908,9781632152121,In Stock Trades,,,
260908,9781632152299,In Stock Trades,,,
260908,9781632154569,In Stock Trades,Walking Dead Compendium TP Vol 03 (MR),37.19,https://www.instocktrades.com/products/aug150497/walking-dead-compendium-tp-vol-03-(mr)
260908,9781632158864,In Stock Trades,Head Lopper TP Vol 01 Island or A Plague of Beasts (MR),9.99,https://www.instocktrades.com/products/jul160804d/head-lopper-tp-vol-01-island-or-a-plague-of-beasts-(mr)
260908,9781684056873,In Stock Trades,,,
260908,9781684058419,In Stock Trades,,,
260908,9781684157648,In Stock Trades,Something Is Killing Children DLX Ed HC Book 01,24.99,https://www.instocktrades.com/products/jun211086d/something-is-killing-children-dlx-ed-hc-book-01
260908,9781684158058,In Stock Trades,Many Deaths of Laila Starr TP,10.49,https://www.instocktrades.com/products/sep210769/many-deaths-of-laila-starr-tp
260908,9781779501127,In Stock Trades,,,
260908,9781779502131,In Stock Trades,,,
260908,9781779503862,In Stock Trades,,,
260908,9781779504210,In Stock Trades,,,
260908,9781779504463,In Stock Trades,Batman Who Laughs TP,11.99,https://www.instocktrades.com/products/jan217085/batman-who-laughs-tp
260908,9781779507198,In Stock Trades,,,
260908,9781779511553,In Stock Trades,Absolute Wonder Woman Gods and Mortals HC,75.0,https://www.instocktrades.com/products/dec207088/absolute-wonder-woman-gods-and-mortals-hc
260908,9781779512055,In Stock Trades,,,
260908,9781779512058,In Stock Trades,,,
260908,9781779513458,In Stock Trades,Flash By Geoff Johns Omnibus HC Vol 03,59.99,https://www.instocktrades.com/products/sep217222/flash-by-geoff-johns-omnibus-hc-vol-03
260908,9781779514349,In Stock Trades,,,
260908,9781779515346,In Stock Trades,,,
260908,9781779515681,In Stock Trades,Supergirl Woman of Tomorrow TP,11.99,https://www.instocktrades.com/products/apr227177/supergirl-woman-of-tomorrow-tp
260908,9781779516831,In Stock Trades,,,
260908,9781779516992,In Stock Trades,,,
260908,9781779517272,In Stock Trades,Flashpoint TP (2024 Edition),11.99,https://www.instocktrades.com/products/may247211/flashpoint-tp-(2024-edition)
260908,9781779517999,In Stock Trades,Teen Titans Starfire TP,10.19,https://www.instocktrades.com/products/jun247191/teen-titans-starfire-tp
260908,9781779520050,In Stock Trades,Nightwing Fear State TP,10.79,https://www.instocktrades.com/products/may237274/nightwing-fear-state-tp
260908,9781779521149,In Stock Trades,,,
260908,9781779523020,In Stock Trades,,,
260908,9781779525031,In Stock Trades,Poison IVy TP Vol 01 the Virtuous Cycle,10.19,https://www.instocktrades.com/products/jan247191/poison-ivy-tp-vol-01-the-virtuous-cycle
260908,9781779525123,In Stock Trades,Titans (2023) TP Vol 01 Out of the Shadows,10.19,https://www.instocktrades.com/products/feb247179/titans-(2023)-tp-vol-01-out-of-the-shadows
260908,9781779525222,In Stock Trades,,,
260908,9781779525673,In Stock Trades,Jla TP Book 01,29.99,https://www.instocktrades.com/products/nov237188/jla-tp-book-01
260908,9781779525888,In Stock Trades,Justice League Dark Rebirth Omnibus HC,90.0,https://www.instocktrades.com/products/dec237193/justice-league-dark-rebirth-omnibus-hc
260908,9781779526311,In Stock Trades,,,
260908,9781779526526,In Stock Trades,,,
260908,9781779526984,In Stock Trades,Flash By Joshua Williamson Omnibus HC Vol 01,75.0,https://www.instocktrades.com/products/dec237194/flash-by-joshua-williamson-omnibus-hc-vol-01
260908,9781779527028,In Stock Trades,,,
260908,9781779527257,In Stock Trades,All-Star Superman TP (DC Compact Comics Edition),5.99,https://www.instocktrades.com/products/nov237828/all-star-superman-tp-(dc-compact-comics-edition)
260908,9781779527264,In Stock Trades,Batman Hush TP (DC Compact Comics Edition),5.99,https://www.instocktrades.com/products/nov237830/batman-hush-tp-(dc-compact-comics-edition)
260908,9781779527271,In Stock Trades,Batman the Court of Owls TP (DC Compact Comics Edition),5.99,https://www.instocktrades.com/products/nov237831/batman-the-court-of-owls-tp-(dc-compact-comics-edition)
260908,9781779527288,In Stock Trades,Catwoman Trail of the Catwoman TP (DC Compact Comics Edition),5.99,https://www.instocktrades.com/products/nov237832/catwoman-trail-of-the-catwoman-tp-(dc-compact-comics-edition)
260908,9781779527301,In Stock Trades,Harley Quinn and the Gotham City Sirens TP (DC Compact Comics Edition),5.99,https://www.instocktrades.com/products/nov237834/harley-quinn-and-the-gotham-city-sirens-tp-(dc-compact-comics-edition)
260908,9781779527325,In Stock Trades,Watchmen TP (DC Compact Comics Edition) (MR),5.99,https://www.instocktrades.com/products/nov237836/watchmen-tp-(dc-compact-comics-edition)-(mr)
260908,9781779527332,In Stock Trades,Wonder Woman Earth One TP (DC Compact Comics Edition),5.99,https://www.instocktrades.com/products/nov237837/wonder-woman-earth-one-tp-(dc-compact-comics-edition)
260908,9781779527349,In Stock Trades,American Vampire Book One TP (DC Compact Comics Edition) (MR),5.99,https://www.instocktrades.com/products/nov237829/american-vampire-book-one-tp-(dc-compact-comics-edition)-(mr)
260908,9781779527585,In Stock Trades,Absolute Justice HC (2024 Edition),75.0,https://www.instocktrades.com/products/mar247151/absolute-justice-hc-(2024-edition)
260908,9781779527653,In Stock Trades,Green Lantern By Geoff Johns TP Book 01 (2024 Edition),23.99,https://www.instocktrades.com/products/may247212/green-lantern-by-geoff-johns-tp-book-01-(2024-edition)
260908,9781779527882,In Stock Trades,Poison IVy TP Vol 02 Unethical Consumption,10.79,https://www.instocktrades.com/products/apr247182/poison-ivy-tp-vol-02-unethical-consumption
260908,9781779528025,In Stock Trades,Nightwing (2021) TP Vol 04 the Leap,10.19,https://www.instocktrades.com/products/apr247189/nightwing-(2021)-tp-vol-04-the-leap
260908,9781779528100,In Stock Trades,Poison IVy HC Vol 03 Mourning Sickness,14.99,https://www.instocktrades.com/products/apr247166/poison-ivy-hc-vol-03-mourning-sickness
260908,9781779528346,In Stock Trades,DC Finest Wonder Woman Origins & Omens TP,23.19,https://www.instocktrades.com/products/jul247225/dc-finest-wonder-woman-origins-omens-tp
260908,9781779528353,In Stock Trades,DC Finest Batman Year One & Two TP,23.19,https://www.instocktrades.com/products/jul247227/dc-finest-batman-year-one-two-tp
260908,9781779528360,In Stock Trades,DC Finest the Flash the Human Thunderbolt TP,23.19,https://www.instocktrades.com/products/aug247264/dc-finest-the-flash-the-human-thunderbolt-tp
260908,9781779528377,In Stock Trades,,,
260908,9781779528438,In Stock Trades,Poison IVy HC Vol 04 Origins of Species,14.99,https://www.instocktrades.com/products/aug247279/poison-ivy-hc-vol-04-origins-of-species
260908,9781779528483,In Stock Trades,DC Finest Green Lantern the Defeat of Green Lantern TP,23.99,https://www.instocktrades.com/products/aug247261/dc-finest-green-lantern-the-defeat-of-green-lantern-tp
260908,9781779529435,In Stock Trades,Nightwing (2021) TP Vol 06 Standing at the Edge,8.99,https://www.instocktrades.com/products/aug247253/nightwing-(2021)-tp-vol-06-standing-at-the-edge
260908,9781779529534,In Stock Trades,,,
260908,9781799500506,In Stock Trades,Green Lantern (2023) TP Vol 02 Love and War,11.99,https://www.instocktrades.com/products/nov247204/green-lantern-(2023)-tp-vol-02-love-and-war
260908,9781799500537,In Stock Trades,Titans (2023) TP Vol 02 the Dark-Winged Queen,11.99,https://www.instocktrades.com/products/nov247217/titans-(2023)-tp-vol-02-the-dark-winged-queen
260908,9781799500742,In Stock Trades,Absolute Green Lantern the Sinestro Corps War HC (2025 Edition),75.0,https://www.instocktrades.com/products/jul247236/absolute-green-lantern-the-sinestro-corps-war-hc-(2025-edition)
260908,9781799500803,In Stock Trades,Zatanna Bring Down the House HC (MR),17.99,https://www.instocktrades.com/products/nov247199/zatanna-bring-down-the-house-hc-(mr)
260908,9781799500896,In Stock Trades,Nightwing (2021) TP Vol 07 Fallen Grayson,10.79,https://www.instocktrades.com/products/nov247805/nightwing-(2021)-tp-vol-07-fallen-grayson
260908,9781799501152,In Stock Trades,,,
260908,9781799501299,In Stock Trades,Kingdom Come TP (DC Compact Comics Edition),5.99,https://www.instocktrades.com/products/sep247230/kingdom-come-tp-(dc-compact-comics-edition)
260908,9781799501541,In Stock Trades,Static Season One DC Compact Comics Edition TP,5.99,https://www.instocktrades.com/products/oct247247/static-season-one-dc-compact-comics-edition-tp
260908,9781799501633,In Stock Trades,Dceased DC Compact Comics Edition TP,5.99,https://www.instocktrades.com/products/oct247246/dceased-dc-compact-comics-edition-tp
260908,9781799501916,In Stock Trades,Superman Birthright DC Compact Comics Edition TP,5.0,https://www.instocktrades.com/products/oct247248d/superman-birthright-dc-compact-comics-edition-tp
260908,9781799501992,In Stock Trades,Authority Relentless TP (DC Compact Comics Edition)(Mr),5.99,https://www.instocktrades.com/products/mar257218/authority-relentless-tp-(dc-compact-comics-edition)(mr)
260908,9781799502012,In Stock Trades,DC Finest Wonder Woman the Legend of Wonder Woman TP,23.19,https://www.instocktrades.com/products/mar257221/dc-finest-wonder-woman-the-legend-of-wonder-woman-tp
260908,9781799502043,In Stock Trades,,,
260908,9781799502135,In Stock Trades,,,
260908,9781799502340,In Stock Trades,DC the New Frontier TP (DC Compact Comics Edition),5.99,https://www.instocktrades.com/products/apr257264/dc-the-new-frontier-tp-(dc-compact-comics-edition)
260908,9781799502449,In Stock Trades,DC Finest Justice League of America the Return TP,23.19,https://www.instocktrades.com/products/apr257262/dc-finest-justice-league-of-america-the-return-tp
260908,9781799502579,In Stock Trades,Poison IVy TP Vol 06 A Death In Marshview,11.99,https://www.instocktrades.com/products/sep2570224/poison-ivy-tp-vol-06-a-death-in-marshview
260908,9781799502678,In Stock Trades,Absolute Batman Dark Victory HC (2025 Edition),60.0,https://www.instocktrades.com/products/jan257258/absolute-batman-dark-victory-hc-(2025-edition)
260908,9781799502883,In Stock Trades,Batman the Long Halloween TP (DC Compact Comics Edition),5.99,https://www.instocktrades.com/products/jun257237/batman-the-long-halloween-tp-(dc-compact-comics-edition)
260908,9781799503026,In Stock Trades,DC Finest the Flash the Fastest Man Dead TP,23.19,https://www.instocktrades.com/products/nov2570220/dc-finest-the-flash-the-fastest-man-dead-tp
260908,9781799503033,In Stock Trades,Harley Quinn Wild at Heart TP (DC Compact Comics Edition),5.99,https://www.instocktrades.com/products/may257254/harley-quinn-wild-at-heart-tp-(dc-compact-comics-edition)
260908,9781799503064,In Stock Trades,Teen Titans Together TP,10.19,https://www.instocktrades.com/products/mar2670207/teen-titans-together-tp
260908,9781799503125,In Stock Trades,Wonder Woman (2023) TP Vol 04 the Island of Mice and Men,11.99,https://www.instocktrades.com/products/feb2670233/wonder-woman-(2023)-tp-vol-04-the-island-of-mice-and-men
260908,9781799503132,In Stock Trades,V for Vendetta TP (DC Compact Comics Edition)(Mr),5.99,https://www.instocktrades.com/products/jul257250/v-for-vendetta-tp-(dc-compact-comics-edition)(mr)
260908,9781799503170,In Stock Trades,Elseworlds Justice League Omnibus HC Vol 01,90.0,https://www.instocktrades.com/products/mar2670223/elseworlds-justice-league-omnibus-hc-vol-01
260908,9781799503262,In Stock Trades,DC Finest Green Lantern Earths Other Green Lantern TP,23.19,https://www.instocktrades.com/products/aug2570238/dc-finest-green-lantern-earths-other-green-lantern-tp
260908,9781799503361,In Stock Trades,DC Finest Wonder Woman Introducing Wonder Woman TP,23.19,https://www.instocktrades.com/products/aug2570239/dc-finest-wonder-woman-introducing-wonder-woman-tp
260908,9781799505198,In Stock Trades,Absolute Flash TP Vol 01 of Two Worlds,10.79,https://www.instocktrades.com/products/aug2570228/absolute-flash-tp-vol-01-of-two-worlds
260908,9781799505211,In Stock Trades,Absolute Martian Manhunter TP Vol 01 Martian Vision,10.79,https://www.instocktrades.com/products/jul257238/absolute-martian-manhunter-tp-vol-01-martian-vision
260908,9781799505235,In Stock Trades,Superman Action Comics (2025) TP Vol 01 Boy of Steel,11.99,https://www.instocktrades.com/products/feb2670232/superman-action-comics-(2025)-tp-vol-01-boy-of-steel
260908,9781799505242,In Stock Trades,,,
260908,9781799505259,In Stock Trades,Absolute Batman TP Vol 01 the Zoo,10.79,https://www.instocktrades.com/products/apr257250/absolute-batman-tp-vol-01-the-zoo
260908,9781799505297,In Stock Trades,,,
260908,9781799505303,In Stock Trades,Absolute Wonder Woman TP Vol 01 the Last Amazon,10.79,https://www.instocktrades.com/products/apr257254/absolute-wonder-woman-tp-vol-01-the-last-amazon
260908,9781799505334,In Stock Trades,Absolute Superman TP Vol 01 Last Dust of Krypton,10.79,https://www.instocktrades.com/products/apr257252/absolute-superman-tp-vol-01-last-dust-of-krypton
260908,9781799505341,In Stock Trades,Batgirl (2024) TP Vol 01 Mother,10.79,https://www.instocktrades.com/products/may257245/batgirl-(2024)-tp-vol-01-mother
260908,9781799505501,In Stock Trades,Zatanna Its Showtime TP,10.79,https://www.instocktrades.com/products/jul257242/zatanna-its-showtime-tp
260908,9781799505556,In Stock Trades,Absolute Green Lantern TP Vol 01 Without Fear,10.79,https://www.instocktrades.com/products/aug2570230/absolute-green-lantern-tp-vol-01-without-fear
260908,9781799505662,In Stock Trades,Bat-Man Second Knight HC (MR),14.99,https://www.instocktrades.com/products/jan2670262/bat-man-second-knight-hc-(mr)
260908,9781799505686,In Stock Trades,DC X Sonic the Hedgehog TP,10.79,https://www.instocktrades.com/products/may257261/dc-x-sonic-the-hedgehog-tp
260908,9781799505860,In Stock Trades,Batman Static Beyond TP,11.99,https://www.instocktrades.com/products/apr2670218/batman-static-beyond-tp
260908,9781799505945,In Stock Trades,,,
260908,9781799506089,In Stock Trades,Batgirl (2024) TP Vol 02 Bloodlines,10.79,https://www.instocktrades.com/products/oct2570206/batgirl-(2024)-tp-vol-02-bloodlines
260908,9781799506171,In Stock Trades,Supergirl (2025) TP Vol 01 Misadventures In Midvale,10.79,https://www.instocktrades.com/products/dec2570229/supergirl-(2025)-tp-vol-01-misadventures-in-midvale
260908,9781799506218,In Stock Trades,Superman the Kryptonite Spectrum HC (MR),17.99,https://www.instocktrades.com/products/dec2570227/superman-the-kryptonite-spectrum-hc-(mr)
260908,9781799506386,In Stock Trades,Mr Terrific Year One TP,10.79,https://www.instocktrades.com/products/nov2570218/mr-terrific-year-one-tp
260908,9781799506652,In Stock Trades,Batman Gotham By Gaslight TP (DC Compact Comics Edition),5.99,https://www.instocktrades.com/products/oct2570212/batman-gotham-by-gaslight-tp-(dc-compact-comics-edition)
260908,9781799506904,In Stock Trades,Supergirl Woman of Tomorrow TP (DC Compact Comics Edition),5.99,https://www.instocktrades.com/products/sep2570230/supergirl-woman-of-tomorrow-tp-(dc-compact-comics-edition)
260908,9781799506997,In Stock Trades,Batman Arkham Asylum TP (DC Compact Comics Edition),5.99,https://www.instocktrades.com/products/may257256/batman-arkham-asylum-tp-(dc-compact-comics-edition)
260908,9781799507413,In Stock Trades,Batman White Knight TP (DC Compact Comics Edition),5.99,https://www.instocktrades.com/products/oct2570213/batman-white-knight-tp-(dc-compact-comics-edition)
260908,9781799507444,In Stock Trades,DC Finest Wonder Woman Enter the Cheetah TP,23.19,https://www.instocktrades.com/products/oct2570218/dc-finest-wonder-woman-enter-the-cheetah-tp
260908,9781799507505,In Stock Trades,,,
260908,9781799507512,In Stock Trades,Absolute Batman TP Vol 02 Abomination,11.99,https://www.instocktrades.com/products/sep2570220/absolute-batman-tp-vol-02-abomination
260908,9781799507529,In Stock Trades,Absolute Superman TP Vol 02 Son of the Demon,11.99,https://www.instocktrades.com/products/oct2570195/absolute-superman-tp-vol-02-son-of-the-demon
260908,9781799507536,In Stock Trades,,,
260908,9781799507543,In Stock Trades,Absolute Wonder Woman TP Vol 02 As My Mothers Made Me,11.99,https://www.instocktrades.com/products/oct2570197/absolute-wonder-woman-tp-vol-02-as-my-mothers-made-me
260908,9781799507642,In Stock Trades,John Constantine Hellblazer By Paul Jenkins and Sean Phillips Omnibus HC (MR),90.0,https://www.instocktrades.com/products/nov2570231/john-constantine-hellblazer-by-paul-jenkins-and-sean-phillips-omnibus-hc-(mr)
260908,9781799507697,In Stock Trades,Flash Rebirth TP (DC Compact Comics Edition),5.99,https://www.instocktrades.com/products/nov2570221/flash-rebirth-tp-(dc-compact-comics-edition)
260908,9781799507703,In Stock Trades,Nightwing Leaping Into the Light TP (DC Compact Comics Edition),5.99,https://www.instocktrades.com/products/nov2570222/nightwing-leaping-into-the-light-tp-(dc-compact-comics-edition)
260908,9781799507710,In Stock Trades,DC Finest Deadman How Many Times Can A Guy Die TP,23.19,https://www.instocktrades.com/products/dec2570239/dc-finest-deadman-how-many-times-can-a-guy-die-tp
260908,9781799507734,In Stock Trades,DC Finest Justice League of America Starro the Conqueror TP,23.19,https://www.instocktrades.com/products/dec2570241/dc-finest-justice-league-of-america-starro-the-conqueror-tp
260908,9781799507864,In Stock Trades,Batman the Dark Knight Returns TP (DC Compact Comics Edition),5.99,https://www.instocktrades.com/products/dec2570238/batman-the-dark-knight-returns-tp-(dc-compact-comics-edition)
260908,9781799507932,In Stock Trades,,,
260908,9781799508007,In Stock Trades,Green Arrow By Jeff Lemire and Andrea Sorrentino the Deluxe Edition HC (2026 Edition),29.99,https://www.instocktrades.com/products/jan2670271/green-arrow-by-jeff-lemire-and-andrea-sorrentino-the-deluxe-edition-hc-(2026-edition)
260908,9781799508038,In Stock Trades,Batman Urban Legends Omnibus HC Vol 01,50.0,https://www.instocktrades.com/products/jan2670277/batman-urban-legends-omnibus-hc-vol-01
260908,9781799508045,In Stock Trades,Zatanna By Paul Dini Omnibus HC,60.0,https://www.instocktrades.com/products/jan2670272/zatanna-by-paul-dini-omnibus-hc
260908,9781799508076,In Stock Trades,Gotham Central TP (DC Compact Comics Edition),5.99,https://www.instocktrades.com/products/feb2670241/gotham-central-tp-(dc-compact-comics-edition)
260908,9781799508083,In Stock Trades,Green Arrow Year One TP (DC Compact Comics Edition),5.99,https://www.instocktrades.com/products/jan2670267/green-arrow-year-one-tp-(dc-compact-comics-edition)
260908,9781799508113,In Stock Trades,DC Finest Wonder Woman Dawn Before Darkness TP,23.19,https://www.instocktrades.com/products/jan2670266/dc-finest-wonder-woman-dawn-before-darkness-tp
260908,9781799508151,In Stock Trades,Robin Year One TP (2026 Edition),11.99,https://www.instocktrades.com/products/mar2670228/robin-year-one-tp-(2026-edition)
260908,9781799508168,In Stock Trades,Green Lantern Corps (2025) TP Vol 02 Lanterns United,10.79,https://www.instocktrades.com/products/may2670228/green-lantern-corps-(2025)-tp-vol-02-lanterns-united
260908,9781799508212,In Stock Trades,Batman Under the Red Hood TP (DC Compact Comics Edition),5.99,https://www.instocktrades.com/products/feb2670240/batman-under-the-red-hood-tp-(dc-compact-comics-edition)
260908,9781799508236,In Stock Trades,Batman Detective Comics the New 52 Omnibus HC Vol 02,75.0,https://www.instocktrades.com/products/feb2670247/batman-detective-comics-the-new-52-omnibus-hc-vol-02
260908,9781799508281,In Stock Trades,Superman Red Son TP (DC Compact Comics Edition),5.99,https://www.instocktrades.com/products/feb2670239/superman-red-son-tp-(dc-compact-comics-edition)
260908,9781799508298,In Stock Trades,DC Finest Robin the Origin of Robin TP,23.19,https://www.instocktrades.com/products/feb2670243/dc-finest-robin-the-origin-of-robin-tp
260908,9781799508342,In Stock Trades,,,
260908,9781799508502,In Stock Trades,Nightwing By Tom Taylor and Bruno Redondo Omnibus HC Vol 02,60.0,https://www.instocktrades.com/products/mar2670226/nightwing-by-tom-taylor-and-bruno-redondo-omnibus-hc-vol-02
260908,9781799508519,In Stock Trades,,,
260908,9781799508557,In Stock Trades,,,
260908,9781799508564,In Stock Trades,,,
260908,9781799508649,In Stock Trades,Batman Superman Worlds Finest TP Vol 09 the Merger,11.99,https://www.instocktrades.com/products/apr2670226/batman-superman-worlds-finest-tp-vol-09-the-merger
260908,9781799508663,In Stock Trades,Nightwing (2024) TP Vol 03 the Cirque Du Sin,10.79,https://www.instocktrades.com/products/mar2670210/nightwing-(2024)-tp-vol-03-the-cirque-du-sin
260908,9781799508687,In Stock Trades,Poison IVy TP Vol 07 Amuse-Bouche,11.99,https://www.instocktrades.com/products/mar2670212/poison-ivy-tp-vol-07-amuse-bouche
260908,9781799508694,In Stock Trades,DC K.O. Superman TP,10.79,https://www.instocktrades.com/products/apr2670212/dc-k-o-superman-tp
260908,9781799508731,In Stock Trades,,,
260908,9781799508755,In Stock Trades,,,
260908,9781799508793,In Stock Trades,Batman & Son TP (DC Compact Comics Edition),5.99,https://www.instocktrades.com/products/may2670233/batman-son-tp-(dc-compact-comics-edition)
260908,9781799508809,In Stock Trades,,,
260908,9781799508830,In Stock Trades,DC Finest Justice League of America Crisis On Earth-X TP,23.19,https://www.instocktrades.com/products/apr2670233/dc-finest-justice-league-of-america-crisis-on-earth-x-tp
260908,9781799508861,In Stock Trades,Batman By Tom King TP Book 03,23.99,https://www.instocktrades.com/products/apr2670242/batman-by-tom-king-tp-book-03
260908,9781799508892,In Stock Trades,Jsa (2024) TP Vol 03 Year One,10.79,https://www.instocktrades.com/products/apr2670222/jsa-(2024)-tp-vol-03-year-one
260908,9781799508915,In Stock Trades,Absolute Batman TP Vol 03,11.99,https://www.instocktrades.com/products/may2670221/absolute-batman-tp-vol-03
260908,9781799508960,In Stock Trades,Batgirl (2024) TP Vol 03 the War of Shadows,10.79,https://www.instocktrades.com/products/apr2670220/batgirl-(2024)-tp-vol-03-the-war-of-shadows
260908,9781799509035,In Stock Trades,,,
260908,9781799509066,In Stock Trades,,,
260908,9781799509073,In Stock Trades,Wonder Woman Rebirth By Greg Rucka Omnibus HC,60.0,https://www.instocktrades.com/products/may2670248/wonder-woman-rebirth-by-greg-rucka-omnibus-hc
260908,9781799509097,In Stock Trades,,,
260908,9781799509110,In Stock Trades,Fables No More Happily Ever After TP (DC Compact Comics Edition) (MR),5.99,https://www.instocktrades.com/products/may2670234/fables-no-more-happily-ever-after-tp-(dc-compact-comics-edition)-(mr)
260908,9781799509172,In Stock Trades,,,
260908,9781799509295,In Stock Trades,,,
260908,9781799509301,In Stock Trades,,,
260908,9781799509387,In Stock Trades,Green Lantern (2023) TP Vol 06 with This Ring,10.79,https://www.instocktrades.com/products/may2670227/green-lantern-(2023)-tp-vol-06-with-this-ring
260908,9781799509509,In Stock Trades,Harley and IVy Life and Crimes TP,10.79,https://www.instocktrades.com/products/may2670225/harley-and-ivy-life-and-crimes-tp
260908,9781799510277,In Stock Trades,DC Finest Green Lantern Hard-Traveling Heroes TP,23.19,https://www.instocktrades.com/products/apr2670232/dc-finest-green-lantern-hard-traveling-heroes-tp
260908,9781799510291,In Stock Trades,,,
260908,9781799510307,In Stock Trades,,,
260908,9781799510857,In Stock Trades,,,
260908,9781799510888,In Stock Trades,Absolute Martian Manhunter TP Vol 02 the Agency,10.79,https://www.instocktrades.com/products/apr2670217/absolute-martian-manhunter-tp-vol-02-the-agency
260908,9781799512967,In Stock Trades,DC K.O. All Fight TP,11.99,https://www.instocktrades.com/products/apr2670210/dc-k-o-all-fight-tp
260908,9781799513162,In Stock Trades,DC Finest Batman Blind Justice TP,23.19,https://www.instocktrades.com/products/mar2670216/dc-finest-batman-blind-justice-tp
260908,9781799513605,In Stock Trades,DC Finest Supergirl Die and Let Live TP,23.19,https://www.instocktrades.com/products/feb2670242/dc-finest-supergirl-die-and-let-live-tp
260908,9781799515487,In Stock Trades,DC K.O. Battle Royale TP,11.99,https://www.instocktrades.com/products/apr2670213/dc-k-o-battle-royale-tp
260908,9781799517092,In Stock Trades,,,
260908,9781799517726,In Stock Trades,Green Lantern Kyle Rayner TP Vol 01 (2026 Edition),20.99,https://www.instocktrades.com/products/apr2670237/green-lantern-kyle-rayner-tp-vol-01-(2026-edition)
260908,9781846532979,In Stock Trades,,,
260908,9785012256263,In Stock Trades,,,
260908,9798887241296,In Stock Trades,,,
260908,9798887244631,In Stock Trades,Teenage Mutant Ninja Turtles the Last Ronin TP,10.0,https://www.instocktrades.com/products/jun264286d/teenage-mutant-ninja-turtles-the-last-ronin-tp
260908,9798892155625,In Stock Trades,,,
260908,9798892156387,In Stock Trades,Brzrkr TP Book One,27.99,https://www.instocktrades.com/products/jul254066/brzrkr-tp-book-one
260908,9798892158763,In Stock Trades,,,
